Label	RED
INT_0	0
INT_1	0.0389556750469125
INT_2	0.504946984866509
INT_3	0.617384318663299
INT_4	0.829804837854124
INT_5	0.837659035351326
INT_6	0.869066958317094
INT_7	0.884491497196823
INT_8	0.907660559816316
INT_9	0.919629917873332
INT_10	0.941092849494779
INT_11	0.973357907797069
INT_12	0.99111931845201
INT_13	0.994579841027626
INT_14	0.996527600949837
INT_18	0.997143514280852
INT_19	0.997551988835983
INT_20	0.997930107773412
INT_21	0.998326619772237
INT_22	0.998423699708247
INT_26	0.998434697549971
INT_31	0.987215515646212
INT_33	0.998516820388474
INT_36	0.948432862875292
INT_37	0.958981473359188
INT_38	0.965967464208375
INT_39	0.968643777195344
INT_40	0.972455318552645
INT_41	0.997240784668172
INT_44	0.995510878866098
INT_46	0.999999773368279
INT_49	0.97411788737682
INT_50	0.998597784064682
INT_52	0.999021804580114
INT_57	0.987318084765786
INT_59	0.999104306692078
INT_60	0.999965757639764
INT_65	0.955951209366898
INT_68	0.91792152074565
INT_69	0.984658817634203
INT_70	0.987442023505728
INT_71	0.99003836048188
INT_73	0.996537013177425
INT_80	0.954204440302589
INT_81	0.969906960511617
INT_82	0.993395580661737
INT_84	0.996438062520923
INT_85	0.998167242462132
INT_94	0.70575364406914
INT_95	0.850000655433555
INT_96	0.922668245488482
INT_98	0.953055235391453
INT_99	0.96978321229974
INT_101	0.990378510748616
INT_107	0.287277329776409
INT_108	0.410065387640459
INT_109	0.451392777117026
INT_110	0.481172040989325
INT_111	0.531136473100156
INT_112	0.636966378766634
INT_113	0.697087029052958
INT_114	0.749574436129234
INT_115	0.848116460928509
INT_116	0.878291747993894
INT_118	0.911757963042929
INT_125	0.584542018998378
INT_126	0.711566062870287
INT_131	0.516117691964251
INT_132	0.683522084036304
INT_133	0.775538669383886
INT_136	0.72082683716321
INT_137	0.773917106399016
INT_141	0.690100958651314
INT_145	0.350579807789559
INT_148	0.0662221863540738
INT_149	0.162968045568701
INT_150	0.203490440299013
INT_151	0.301721825167146
INT_152	0.341783001867684
INT_153	0.422185011740456
INT_154	0.500332572783691
INT_155	0.83119088188009
INT_157	0.879777066350505
INT_161	0.476925930143653
INT_162	0.5176601691285
INT_163	0.558159836728358
INT_164	0.577366193489575
INT_165	0.602783808105096
INT_166	0.657362598423253
INT_167	0.682221903537281
INT_168	0.734915773714198
INT_169	0.772810312714696
INT_170	0.877077314724571
INT_171	0.940821737247491
INT_172	0.974925445628433
INT_174	0.989129785793049
INT_178	0.987136905683144
INT_181	0.952176684053313
INT_182	0.970178913849969
INT_186	0.757577756519093
INT_187	0.796424239386233
INT_188	0.914410966737407
INT_189	0.955847328807527
INT_190	0.97871339444198
INT_196	0.94178457532479
INT_199	0.737758273548846
INT_200	0.772459424920263
INT_201	0.975752190486512
INT_205	0.787228599313181
INT_206	0.820052099182679
INT_208	0.977608333821922
INT_211	0.986490131287161
INT_214	0.801882806804906
INT_215	0.830912664470088
INT_219	0.672344089354328
INT_222	0.657516281746695
INT_225	0.865262579353574
INT_229	0.509204392550149
INT_230	0.526019078548105
INT_231	0.590669451834593
INT_232	0.831524717440554
INT_235	0.706429897250344
INT_238	0.580215762970739
INT_239	0.637267872740769
INT_240	0.680563904448016
INT_241	0.958100715039514
INT_243	0.992624188733113
INT_246	0.719907523998626
INT_250	0.792348863616496
INT_251	0.848880361961206
INT_252	0.88730944755729
INT_253	0.976130224136667
INT_257	0.877955659645989
INT_258	0.917361206488252
INT_259	0.954866734997162
INT_260	0.982635161860139
INT_263	0.993030165642344
INT_266	0.969294925370041
INT_270	0.840977311511135
INT_271	0.928361228144432
INT_272	0.941378091447106
INT_273	0.954127611917884
INT_278	0.859991113587577
INT_281	0.552063366590427
INT_282	0.624895231676496
INT_285	0.595109349444268
INT_286	0.731837654116005
INT_287	0.874577981972112
INT_288	0.971526612280649
INT_294	0.432234944984901
INT_295	0.490730742556672
INT_296	0.597342410132221
INT_297	0.884514933788434
INT_298	0.950256093142872
INT_299	0.997720294824166
INT_301	0.998697182154676
INT_302	0.99988359130217
INT_305	0.999636019240024
INT_311	0.736702189770324
INT_312	0.999999343477205
INT_316	0.531260197125438
INT_318	0.780629470774973
INT_319	0.840155963682964
INT_320	0.910507171731066
INT_321	0.99051001028288
INT_322	0.996475095102852
INT_326	0.982334387478367
INT_329	0.999999526316462
INT_333	0.449529361316706
INT_334	0.609392959788268
INT_335	0.649092153289728
INT_336	0.881667540466906
INT_337	0.96003622035592
INT_341	0.873871844114957
INT_342	0.995336096688852
INT_343	0.995487154283181
INT_344	0.99573667171396
INT_345	0.999080035110747
INT_348	0.996100054072377
INT_350	0.996235810955455
INT_351	0.997200107395691
INT_352	0.999999685684604
INT_355	0.997241431546295
INT_356	0.99961026028382
INT_359	0.997609507236192
INT_360	0.997876048668397
INT_364	0.996829434127987
INT_366	0.998797977092673
INT_367	0.999929015223793
INT_372	0.997725497389672
INT_374	0.999522881296701
INT_377	0.997351695030715
INT_380	0.844376341589958
INT_381	0.992563819368776
INT_382	0.995123801586838
INT_383	0.997635681923381
INT_385	0.998771136766936
INT_386	0.9995923121831
INT_393	0.998812452305011
INT_396	0.740500134745392
INT_398	0.867114796654043
INT_401	0.215112308767277
INT_402	0.337145587569999
INT_403	0.866269013662801
INT_404	0.91605475275078
INT_405	0.946648623034473
INT_406	0.967424165281112
INT_407	0.998655766919831
INT_411	0.983066807022835
INT_412	0.998910860470548
INT_415	0.998864029804158
INT_419	0.964025288868881
INT_421	0.994350364353907
INT_422	0.997736466797905
INT_425	0.998764682316537
INT_428	0.669721913583802
INT_430	0.990305533815096
INT_433	0.407137340777362
INT_434	0.455784804852819
INT_435	0.540809952097301
INT_436	0.816900125475321
INT_437	0.973634777701646
INT_438	0.995248685965016
INT_440	0.999546424376635
INT_446	0.525908534417528
INT_447	0.761317715114574
INT_448	0.933271464749702
INT_450	0.9898954849753
INT_456	0.128851494564057
INT_457	0.172994719447995
INT_458	0.205244815101157
INT_459	0.259231987032393
INT_460	0.307055251498496
INT_461	0.359040900508416
INT_464	0.349880962560151
INT_465	0.405684182942084
INT_466	0.568381764162912
INT_469	0.536975677918213
INT_472	0.93972457562927
INT_475	0.300376913485743
INT_476	0.328736728306941
INT_477	0.354691844304911
INT_478	0.412172143797688
INT_479	0.467517050678339
INT_480	0.505924590165226
INT_481	0.524028308910021
INT_482	0.56664957906671
INT_483	0.633498863561181
INT_484	0.654875791288586
INT_487	0.676918757384259
INT_492	0.571577863632343
INT_493	0.617096593351921
INT_494	0.661072484004212
INT_495	0.904338390309445
INT_498	0.724260794127467
INT_500	0.830446326714081
INT_501	0.858791930040172
INT_502	0.871570088451356
INT_505	0.88127681784206
INT_510	0.713532010451977
INT_513	0.975744093411561
INT_514	0.997871606779901
INT_515	0.999978932034385
INT_516	0.999993406782996
INT_517	1
INT_522	0.999028296153807
INT_523	0.999441727262734
INT_524	0.999771410504943
INT_527	0.999653043060042
INT_528	0.999653468919683
INT_533	0.999722827057925
INT_534	0.999998760944751
INT_538	0.457840467064303
INT_540	0.510923063225216
INT_543	0.404193901156957
INT_544	0.547854423742769
INT_545	0.904750709832981
INT_546	0.951837759367582
INT_547	0.967094415079779
INT_548	0.982155332691012
INT_553	0.961417657281851
INT_556	0.999999349522902
INT_559	0.702629060379577
INT_563	0.347426072042998
INT_564	0.478527968931236
INT_567	0.620399932775586
INT_570	0.26550447197332
INT_571	0.400175533498651
INT_572	0.561101893905792
INT_573	0.786817087377045
INT_574	0.838342296582755
INT_576	0.875394350612429
INT_580	0.81314188419617
INT_582	0.845870847162943
INT_585	0.536014062353462
INT_586	0.610306481761848
INT_587	0.86537086865062
INT_589	0.922248022254581
INT_590	0.941611834663684
INT_596	0.279664833484532
INT_597	0.323644835687322
INT_599	0.40940249461582
INT_603	0.19023594083994
INT_604	0.228531408318935
INT_605	0.263414177943975
INT_606	0.546857015160843
INT_607	0.598646096886979
INT_608	0.877208962678388
INT_609	0.934077790564736
INT_610	0.947908280970943
INT_611	0.954997261629402
INT_612	0.96008870467321
INT_613	0.99638132996447
INT_616	0.98606886942586
INT_619	0.97513531713537
INT_622	0.96161549897784
INT_624	0.974613792007097
INT_627	0.977704582595676
INT_632	0.681417913704037
INT_633	0.764046004000101
INT_634	0.815800155585366
INT_636	0.900312502787549
INT_637	0.952050041196198
INT_643	0.631063426888081
INT_644	0.790604585161706
INT_648	0.728343582146642
INT_652	0.20348270450696
INT_653	0.22791206285767
INT_654	0.261626823938764
INT_655	0.300063370450332
INT_656	0.31436451170632
INT_657	0.336509237327462
INT_658	0.360805119149729
INT_659	0.389889202357396
INT_660	0.433244894927968
INT_661	0.567143386165568
INT_662	0.606300312617695
INT_663	0.654435245542593
INT_664	0.731180262047522
INT_668	0.769098144291988
INT_669	0.888297737301092
INT_671	0.913873355714833
INT_673	0.963506809674288
INT_675	0.980219701102961
INT_680	0.798062422993435
INT_681	0.962556664226015
INT_685	0.440100215841181
INT_686	0.470397937181529
INT_687	0.486693155664015
INT_688	0.503702914364827
INT_689	0.524038610610804
INT_690	0.548768085057031
INT_691	0.578529858531251
INT_692	0.64326549268573
INT_693	0.735608022845436
INT_694	0.843388039489221
INT_696	0.935518007482679
INT_697	0.983961841207798
INT_699	0.98891442302859
INT_700	0.992113922830856
INT_701	0.994526387533894
INT_706	0.992287325594973
INT_709	0.979504517514805
INT_710	0.990929831516817
INT_714	0.67263328771668
INT_715	0.834629644309238
INT_716	0.882696980658724
INT_717	0.978427576618014
INT_720	0.91037121256334
INT_722	0.930757617920895
INT_724	0.974303417273221
INT_727	0.906553368460167
INT_732	0.578850347795259
INT_733	0.767836825614742
INT_737	0.794833404493333
INT_738	0.841112841164353
INT_739	0.91018949541203
INT_742	0.952677750564431
INT_743	0.989912151043568
INT_747	0.825346762370668
INT_749	0.970621306051261
INT_752	0.705945124310767
INT_754	0.79662436236291
INT_757	0.521360958941667
INT_758	0.6278504149247
INT_759	0.960824824146062
INT_763	0.82476163278158
INT_764	0.867482699485511
INT_765	0.94507023551899
INT_767	0.983427959046581
INT_772	0.528511525622234
INT_773	0.901131925726542
INT_774	0.975639121112204
INT_777	0.97475774539451
INT_780	0.573616997859542
INT_781	0.926094776651132
INT_785	0.970949305202884
INT_788	0.393981042809575
INT_789	0.411427227608989
INT_790	0.430455443827034
INT_791	0.444968366993489
INT_792	0.48497093553527
INT_793	0.630092805012449
INT_794	0.644518618325037
INT_795	0.667115720543909
INT_796	0.713893075290241
INT_797	0.748811737930142
INT_798	0.764440698714081
INT_799	0.837710835414118
INT_800	0.935656325847446
INT_801	0.948207170781363
INT_802	0.967869974436887
INT_803	0.978253274812123
INT_804	0.981881453759537
INT_805	0.984801583574263
INT_806	0.997501225657745
INT_813	0.985730306456664
INT_816	0.991389473939825
INT_820	0.79785581749488
INT_823	0.775172924250048
INT_824	0.872362195230473
INT_828	0.761059874514315
INT_829	0.939378382967584
INT_830	0.954491532659309
INT_835	0.683028630260895
INT_836	0.727287894930017
INT_837	0.762277785021982
INT_838	0.809639930892788
INT_839	0.834459677999364
INT_840	0.854568653774088
INT_842	0.9773025659688
INT_845	0.854827779711696
INT_848	0.882404289403541
INT_849	0.96759219147134
INT_854	0.766563621555569
INT_855	0.787778937461699
INT_856	0.81484381704849
INT_857	0.902057195969942
INT_861	0.807048552017112
INT_863	0.827305106390294
INT_864	0.8859780019942
INT_868	0.781012025701809
INT_869	0.799800611793047
INT_871	0.827095443162927
INT_873	0.875163594491974
INT_877	0.705954038001308
INT_878	0.747123822385522
INT_879	0.938379384573122
INT_882	0.793546370079655
INT_884	0.940796534875317
INT_887	0.746718612659102
INT_888	0.797791529743639
INT_889	0.856361196353539
INT_891	0.94417267364823
INT_894	0.911171768279929
INT_898	0.664866804345572
INT_899	0.674545033164207
INT_900	0.685359173901143
INT_901	0.693973581885598
INT_902	0.709222159699288
INT_903	0.72037540040931
INT_904	0.733871292798
INT_905	0.75565641838689
INT_906	0.76855404915211
INT_907	0.793261744744761
INT_908	0.818839927981775
INT_909	0.849469853059166
INT_910	0.861442886881924
INT_911	0.869775040491142
INT_912	0.873634535332985
INT_913	0.882066661134656
INT_914	0.90295203707334
INT_916	0.988131391451582
INT_919	0.915259297977411
INT_922	0.90896263622684
INT_923	0.912085166757138
INT_924	0.919574206872697
INT_925	0.93483571523566
INT_926	0.975207177157042
INT_929	0.943818261874872
INT_930	0.972152416021599
INT_931	0.979244900781749
INT_932	0.992461617547217
INT_934	0.997446582613268
INT_940	0.989794760065415
INT_945	0.888053313457605
INT_949	0.869030376857636
INT_950	0.955642520089886
INT_952	0.987456817938715
INT_955	0.903445917607703
INT_956	0.986706824738481
INT_957	0.990582078597441
INT_961	0.994491940025262
INT_964	0.894444031431808
INT_965	0.912241571713551
INT_966	0.943965354523988
INT_967	0.950588388918778
INT_969	0.966491059595398
INT_975	0.837913302169202
INT_976	0.862254243808318
INT_977	0.909441703104298
INT_978	0.922306701935535
INT_979	0.928363894341597
INT_980	0.94331584023626
INT_981	0.966121918991036
INT_982	0.984586749301878
INT_988	0.982430515019414
INT_991	0.987332162058654
INT_995	0.947722594777926
INT_998	0.816744295271622
INT_999	0.891252617778882
INT_1000	0.942613936076357
INT_1001	0.962333474553937
INT_1005	0.916545810864331
INT_1009	0.80021598957679
INT_1010	0.916826579865606
INT_1011	0.931255605680289
INT_1012	0.981027979223414
INT_1013	0.986586982040381
INT_1014	0.989738994598711
INT_1018	0.985335982419315
INT_1019	0.992686186245199
INT_1023	0.94760327140856
INT_1027	0.825058428399852
INT_1028	0.845810930602253
INT_1029	0.8710308412036
INT_1030	0.911697367030466
INT_1031	0.922374900399991
INT_1032	0.934152957512927
INT_1034	0.960926442482708
INT_1035	0.972080944342685
INT_1036	0.975523427488125
INT_1039	0.99750056304945
INT_1045	0.898244508443219
INT_1046	0.938102347699764
INT_1050	0.854133974590017
INT_1053	0.962793107480656
INT_1056	0.765573915883504
INT_1057	0.786541734445645
INT_1058	0.834978764577615
INT_1059	0.944185234710271
INT_1060	0.972349863587334
INT_1064	0.973441218160777
INT_1067	0.796694220935129
INT_1068	0.80552610315345
INT_1069	0.844353491351116
INT_1072	0.814747301623457
INT_1073	0.839058178342595
INT_1074	0.885629289262752
INT_1075	0.903082786266051
INT_1082	0.781419605396041
INT_1083	0.802960563539726
INT_1085	0.987889276547105
INT_1088	0.796807130069134
INT_1089	0.809511456002786
INT_1090	0.842728820298682
INT_1092	0.861024825848704
INT_1093	0.882500984843485
INT_1099	0.736313274626101
INT_1100	0.914338019729331
INT_1101	0.923095716182955
INT_1102	0.94457017735656
INT_1103	0.956570348312524
INT_1104	0.983261783040975
INT_1105	0.998907879460922
INT_1110	0.980457434957197
INT_1115	0.813042346574415
INT_1117	0.95218482206256
INT_1118	0.989746989191747
INT_1122	0.776478914586493
INT_1123	0.797851951983093
INT_1124	0.834393566882005
INT_1125	0.85533288384136
INT_1126	0.884406076615581
INT_1127	0.898896290686031
INT_1128	0.922266579919439
INT_1129	0.97148283759077
INT_1134	0.941222422623411
INT_1136	0.956059172729604
INT_1141	0.821694191068036
INT_1142	0.918284271898556
INT_1147	0.703094905119733
INT_1148	0.715648976068676
INT_1149	0.756873792745844
INT_1150	0.769207819056241
INT_1151	0.791655057170601
INT_1152	0.981748220172463
INT_1155	0.83703129385631
INT_1156	0.975656454737615
INT_1160	0.852931074814841
INT_1161	0.911594367029451
INT_1162	0.923077756251724
INT_1163	0.955292261199869
INT_1167	0.925088774909705
INT_1171	0.781645338163322
INT_1172	0.799480624313242
INT_1173	0.91195352811603
INT_1174	0.983363075153787
INT_1175	0.99115113235204
INT_1180	0.824236759471725
INT_1183	0.916257552517722
INT_1186	0.72660330540427
INT_1187	0.804131854820525
INT_1188	0.878819770563372
INT_1189	0.901380973427297
INT_1190	0.910837515385747
INT_1191	0.919855810634446
INT_1192	0.928938471798088
INT_1193	0.949764580454057
INT_1195	0.979637921404963
INT_1198	0.959581242175026
INT_1199	0.965955347603344
INT_1200	0.996137540660092
INT_1203	0.971477832210356
INT_1204	0.98410571895159
INT_1210	0.924987949452072
INT_1211	0.931382904953235
INT_1212	0.941972225618758
INT_1215	0.969708305570975
INT_1218	0.986400365109938
INT_1221	0.970120838037972
INT_1224	0.890501559005527
INT_1225	0.94185303130128
INT_1226	0.946867966139133
INT_1227	0.954120145900315
INT_1228	0.993561302764381
INT_1230	0.99607742903701
INT_1233	0.992630770534422
INT_1237	0.997163904802678
INT_1240	0.928262812760956
INT_1241	0.951722994510049
INT_1245	0.820867453185353
INT_1246	0.83020103979279
INT_1247	0.83824285451128
INT_1248	0.856084508619638
INT_1249	0.896388763082558
INT_1250	0.939194698714673
INT_1252	0.977269840572852
INT_1254	0.984572139927546
INT_1255	0.997362886671859
INT_1259	0.940769065612318
INT_1260	0.967287145816479
INT_1263	0.995335043081103
INT_1266	0.915336161072252
INT_1267	0.958387664027327
INT_1271	0.847198468010976
INT_1272	0.858522845385504
INT_1273	0.868849857277344
INT_1274	0.883347141089102
INT_1275	0.909163364468603
INT_1276	0.919371777185634
INT_1277	0.930026913241751
INT_1280	0.924425448906414
INT_1281	0.953914767492016
INT_1283	0.959595613641656
INT_1288	0.897845344927392
INT_1289	0.94806363964494
INT_1290	0.989760629088289
INT_1293	0.992527683834742
INT_1295	0.993676253178966
INT_1299	0.880030906743466
INT_1300	0.94701595922118
INT_1301	0.959122157374933
INT_1302	0.983143813571046
INT_1307	0.897951796812393
INT_1308	0.910975211254355
INT_1309	0.971011487623584
INT_1310	0.974016677192641
INT_1314	0.956160888519917
INT_1315	0.9646152609192
INT_1316	0.966077156627768
INT_1317	0.974815519500363
INT_1320	0.988690967107881
INT_1321	0.990719330526042
INT_1323	0.997378709848656
INT_1329	0.994976046187851
INT_1332	0.885295157311336
INT_1335	0.898061618553352
INT_1336	0.934024069718449
INT_1337	0.981326470788628
INT_1338	0.987416514828896
INT_1342	0.947157802492788
INT_1345	0.952276751003445
INT_1347	0.968392028486777
INT_1350	0.869289327057206
INT_1351	0.973226255718785
INT_1355	0.844686836358325
INT_1356	0.871664788397573
INT_1357	0.880711662164807
INT_1358	0.890742847611784
INT_1359	0.91863452315838
INT_1360	0.936961249024883
INT_1361	0.966355016840577
INT_1366	0.933775687063239
INT_1368	0.970242633306335
INT_1371	0.983855501927917
INT_1374	0.97295740384723
INT_1377	0.919389861856049
INT_1380	0.772084394060581
INT_1381	0.80496070735154
INT_1382	0.82273576749034
INT_1383	0.937221390025547
INT_1384	0.941068886884583
INT_1385	0.98031920319635
INT_1386	0.991690281787788
INT_1387	0.992380149084507
INT_1394	0.885530164441299
INT_1396	0.912434215406928
INT_1397	0.960647891740862
INT_1401	0.830046541324709
INT_1402	0.856884258729632
INT_1405	0.993758799954697
INT_1408	0.816954564189539
INT_1411	0.744783340345677
INT_1413	0.905983075539028
INT_1416	0.71076632729186
INT_1417	0.722758986207374
INT_1418	0.747365532617404
INT_1419	0.80265002379131
INT_1420	0.889286666501262
INT_1421	0.909893074077465
INT_1422	0.923434371623754
INT_1424	0.95147809663426
INT_1425	0.961676233185374
INT_1427	0.991764751935635
INT_1430	0.992546251656614
INT_1432	0.995193763952983
INT_1435	0.922700440105987
INT_1436	0.942154316105677
INT_1437	0.944366211844901
INT_1438	0.969905294591866
INT_1444	0.935749196303483
INT_1445	0.969548962982303
INT_1447	0.988844258915751
INT_1451	0.822641365308811
INT_1452	0.848808301319468
INT_1453	0.932860654063848
INT_1454	0.957496733506507
INT_1456	0.981925615479498
INT_1457	0.984646957972313
INT_1465	0.760641383242353
INT_1466	0.977431708986793
INT_1469	0.791389837906897
INT_1472	0.74672966251089
INT_1474	0.771439474097896
INT_1477	0.69861750677227
INT_1478	0.750594874682045
INT_1479	0.787927240034816
INT_1480	0.814955627470335
INT_1481	0.838619275267199
INT_1483	0.853526347958107
INT_1484	0.878635001605394
INT_1485	0.907006560047574
INT_1486	0.9696947341929
INT_1487	0.979762115652338
INT_1493	0.863765800992955
INT_1494	0.886091698673906
INT_1495	0.910012194232769
INT_1496	0.94327022034613
INT_1497	0.949152575955462
INT_1498	0.950505473262557
INT_1500	0.966071277216803
INT_1501	0.977335432476348
INT_1505	0.959771728596592
INT_1509	0.992957964853897
INT_1513	0.897801970755578
INT_1517	0.837707182313976
INT_1518	0.889588016387516
INT_1519	0.931879128178427
INT_1522	0.930996174314619
INT_1525	0.874429656931971
INT_1529	0.76084183811033
INT_1530	0.99225590483661
INT_1533	0.813377595975916
INT_1534	0.862573133208621
INT_1535	0.921326481472908
INT_1541	0.678660287933558
INT_1542	0.725121614215856
INT_1543	0.785790896420535
INT_1546	0.938484880978761
INT_1548	0.991403266234561
INT_1551	0.701875810240522
INT_1553	0.755458680045376
INT_1554	0.783055132572773
INT_1558	0.554270498162655
INT_1559	0.611649641573635
INT_1560	0.816338965909061
INT_1561	0.854028431436084
INT_1562	0.926390731838705
INT_1567	0.808476710847455
INT_1568	0.86721865412108
INT_1573	0.469041935730405
INT_1574	0.503459855206687
INT_1575	0.568944578672468
INT_1576	0.638941798051145
INT_1577	0.699778118277662
INT_1578	0.760418156709314
INT_1579	0.819511402455888
INT_1580	0.874307701591046
INT_1583	0.978675624864564
INT_1587	0.948695032254668
INT_1590	0.663823372501454
INT_1591	0.722887097239504
INT_1592	0.760517260212598
INT_1593	0.825511465672728
INT_1594	0.882778852692943
INT_1595	0.918457544530387
INT_1601	0.741188719344999
INT_1602	0.75941201665297
INT_1603	0.839584599454185
INT_1604	0.866552577845375
INT_1605	0.883513965982715
INT_1606	0.906538049333179
INT_1609	0.905413530121506
INT_1611	0.90993003118779
INT_1612	0.939063994616244
INT_1613	0.95407333870743
INT_1614	0.960078564372828
INT_1620	0.929675304269651
INT_1623	0.92834307076434
INT_1626	0.884311404210478
INT_1627	0.928275807824836
INT_1628	0.984205895211774
INT_1629	0.98870235075016
INT_1635	0.929572211468418
INT_1636	0.942740600302346
INT_1637	0.975502380315543
INT_1642	0.698606275633522
INT_1643	0.736340917241499
INT_1644	0.761044363373729
INT_1645	0.871893469055537
INT_1646	0.894378693951204
INT_1647	0.958619059514333
INT_1650	0.933815164558484
INT_1651	0.939774348754741
INT_1652	0.944750455874591
INT_1653	0.969390794680279
INT_1656	0.963365418903502
INT_1660	0.951540009469627
INT_1661	0.970280762684052
INT_1666	0.907257033943149
INT_1670	0.744731533051848
INT_1672	0.805311752516803
INT_1673	0.835121266895991
INT_1675	0.922627309183066
INT_1679	0.737275394987907
INT_1680	0.757477809530157
INT_1681	0.784555479649584
INT_1682	0.845525574255619
INT_1683	0.928585780289885
INT_1684	0.988378460084892
INT_1688	0.912165688021705
INT_1691	0.882020215698973
INT_1693	0.992247384311008
INT_1697	0.890386621982164
INT_1698	0.935595892041804
INT_1699	0.985050173332769
INT_1705	0.531198290749133
INT_1706	0.554664388628925
INT_1707	0.585111037686575
INT_1708	0.714626145788943
INT_1710	0.761115216576564
INT_1713	0.609171788372868
INT_1714	0.656650413821744
INT_1715	0.696305186893176
INT_1716	0.733246878056687
INT_1717	0.775428550623332
INT_1718	0.865870594808721
INT_1719	0.906663478045133
INT_1724	0.835683124060915
INT_1729	0.8802286413692
INT_1730	0.929900177259847
INT_1734	0.584282326190674
INT_1735	0.839639512818614
INT_1736	0.957136413596467
INT_1740	0.651455936519953
INT_1741	0.864001881850005
INT_1742	0.909383734684261
INT_1744	0.937169759175762
INT_1748	0.838207603562377
INT_1749	0.90103822419661
INT_1750	0.986131016793315
INT_1755	0.702857867121604
INT_1757	0.923516676398635
INT_1759	0.944004970201179
INT_1762	0.449980884834798
INT_1763	0.623083144838297
INT_1764	0.711481808175962
INT_1765	0.83521037215821
INT_1766	0.925788327301874
INT_1767	0.944929310071338
INT_1768	0.955046173117401
INT_1773	0.87292604396097
INT_1777	0.759337765848221
INT_1780	0.515807040361561
INT_1781	0.55500203685246
INT_1782	0.57823252700765
INT_1783	0.614618673768689
INT_1784	0.690413557200528
INT_1785	0.723702319368399
INT_1786	0.812372386477987
INT_1789	0.952622853723624
INT_1791	0.95918487022223
INT_1793	0.959941678039933
INT_1796	0.78888244968376
INT_1797	0.835638408606775
INT_1799	0.971760175917532
INT_1803	0.797110581646182
INT_1804	0.828369657099425
INT_1805	0.945234706742782
INT_1808	0.869255362684461
INT_1809	0.936443569213554
INT_1812	0.891276161534498
INT_1813	0.927335536795685
INT_1814	0.964377265591769
INT_1817	0.946557526490271
INT_1821	0.859112399721536
INT_1822	0.875065349733334
INT_1823	0.915822279062373
INT_1828	0.849210209540303
INT_1831	0.780546347416017
INT_1834	0.548770210066959
INT_1835	0.678341647766239
INT_1836	0.802181074608448
INT_1837	0.825724445511731
INT_1838	0.873337391419119
INT_1839	0.933151932910586
INT_1840	0.938292786492552
INT_1842	0.961838897648728
INT_1845	0.941899405481367
INT_1849	0.911989325951213
INT_1851	0.988810726826744
INT_1854	0.940989119103001
INT_1855	0.960238063307027
INT_1856	0.968228147682637
INT_1857	0.991476667080843
INT_1860	0.997564626676539
INT_1863	0.989352557172043
INT_1866	0.979746847558952
INT_1869	0.856457054276774
INT_1870	0.92099285626011
INT_1873	0.897174679026152
INT_1874	0.969911128893875
INT_1875	0.986739631249037
INT_1877	0.989295442554483
INT_1882	0.802368435719665
INT_1885	0.624741367319228
INT_1886	0.665052273945267
INT_1887	0.689686408390624
INT_1888	0.74206618024702
INT_1889	0.764738097300263
INT_1890	0.787498859928749
INT_1891	0.810856639751239
INT_1892	0.840614849239576
INT_1893	0.857416602695203
INT_1894	0.967698459494804
INT_1897	0.906479000791005
INT_1899	0.965652292521205
INT_1903	0.831568142266602
INT_1904	0.843258020293025
INT_1905	0.975050271599254
INT_1906	0.993006235351358
INT_1910	0.881448896048817
INT_1911	0.913442049306517
INT_1913	0.919908463004042
INT_1914	0.948810895398472
INT_1915	0.967808199226325
INT_1919	0.938129560243182
INT_1922	0.943510234267919
INT_1923	0.953617590988282
INT_1924	0.962385937739628
INT_1925	0.988284512558952
INT_1926	0.990605520393882
INT_1929	0.994504005214339
INT_1932	0.994708868640137
INT_1935	0.978209753672766
INT_1940	0.807554628964039
INT_1941	0.824579953745429
INT_1942	0.85380483763952
INT_1944	0.900091373003756
INT_1945	0.961957548936747
INT_1948	0.983457700443303
INT_1952	0.861124794212913
INT_1953	0.88278521441143
INT_1957	0.793936690556538
INT_1958	0.900162372010614
INT_1960	0.990082624765867
INT_1965	0.72127450317554
INT_1966	0.831407671563286
INT_1967	0.880306757471519
INT_1968	0.915500886713221
INT_1969	0.934438683242017
INT_1970	0.954379505785752
INT_1971	0.996595747693001
INT_1978	0.926621892319422
INT_1979	0.933112893180974
INT_1980	0.942678840746606
INT_1981	0.94866172372742
INT_1983	0.970563047055465
INT_1989	0.824943177915109
INT_1990	0.865276149891005
INT_1991	0.892011346834694
INT_1992	0.933741917495129
INT_1995	0.926415672357312
INT_1998	0.96784738943316
INT_1999	0.990840952727585
INT_2002	0.988083870305465
INT_2007	0.641297579187579
INT_2008	0.678193278686285
INT_2009	0.711449974326105
INT_2010	0.73979010225316
INT_2011	0.755524565173375
INT_2012	0.779621230205604
INT_2013	0.936612667933265
INT_2015	0.977933729057725
INT_2018	0.8454348832119
INT_2019	0.877589066804201
INT_2020	0.947505187203106
INT_2022	0.957594930472392
INT_2024	0.981635994696457
INT_2028	0.871875527430827
INT_2029	0.921902847792282
INT_2030	0.960780430411504
INT_2034	0.933027715940832
INT_2037	0.770625541837159
INT_2038	0.825080991267468
INT_2039	0.85213423024028
INT_2040	0.909262904677185
INT_2041	0.973306191907478
INT_2042	0.980921798112544
INT_2046	0.974664689116032
INT_2048	0.987769774083393
INT_2052	0.969341129042862
INT_2055	0.814320300234704
INT_2056	0.850182338837271
INT_2057	0.949529703373795
INT_2060	0.870464748966977
INT_2061	0.937710742743465
INT_2062	0.954340742483648
INT_2063	0.985552001286075
INT_2067	0.978796119029333
INT_2069	0.993577164361506
INT_2072	0.927292741958317
INT_2073	0.972694138968113
INT_2074	0.981316455453798
INT_2082	0.734744023095267
INT_2083	0.817456776835531
INT_2084	0.945507334107174
INT_2085	0.992603235318627
INT_2089	0.970016247986248
INT_2090	0.986846423049372
INT_2091	0.995102971840155
INT_2095	0.980013315407856
INT_2098	0.797916741184692
INT_2099	0.826639256686685
INT_2100	0.840854694779203
INT_2101	0.871623918334145
INT_2102	0.884132987098224
INT_2104	0.900916068291936
INT_2105	0.926937171005354
INT_2106	0.939029404467311
INT_2107	0.970766415709506
INT_2108	0.976880434372112
INT_2109	0.985647874174434
INT_2114	0.953215114570706
INT_2116	0.971257325227911
INT_2118	0.977151542918858
INT_2121	0.938549630227814
INT_2122	0.969873041592315
INT_2124	0.982757249223841
INT_2125	0.989277666548072
INT_2131	0.891894375132825
INT_2132	0.951150625129927
INT_2135	0.938354872343345
INT_2136	0.963554053392584
INT_2140	0.854668491646588
INT_2141	0.992205857926129
INT_2144	0.895069989113699
INT_2145	0.953567919455678
INT_2150	0.822076839968073
INT_2151	0.96881590704305
INT_2155	0.669354285472404
INT_2156	0.696344223959102
INT_2157	0.725110230628379
INT_2158	0.765732010368399
INT_2160	0.789812433028864
INT_2161	0.816357054054232
INT_2162	0.971619432723331
INT_2168	0.777356444464566
INT_2169	0.910919597948994
INT_2171	0.988419063088122
INT_2174	0.844920629143232
INT_2175	0.917191930976431
INT_2180	0.419707991585703
INT_2181	0.61774805983031
INT_2182	0.658464358926669
INT_2183	0.75355335199064
INT_2184	0.897727658921177
INT_2185	0.918100769996465
INT_2187	0.956340169450901
INT_2189	0.969910860206747
INT_2193	0.7758310559707
INT_2194	0.948659764287281
INT_2197	0.811889352596921
INT_2200	0.697509937802418
INT_2201	0.878209246103319
INT_2202	0.914268309140061
INT_2206	0.736019306418073
INT_2207	0.758564784908819
INT_2208	0.829169165169096
INT_2210	0.862681238699667
INT_2211	0.960619953717281
INT_2215	0.977929664169064
INT_2219	0.681363915269388
INT_2220	0.746853180070483
INT_2221	0.892935106505399
INT_2222	0.980565753024023
INT_2225	0.987974655329834
INT_2230	0.465288238872295
INT_2231	0.538703196563342
INT_2232	0.59749225341088
INT_2236	0.512704043887343
INT_2237	0.661317574580716
INT_2238	0.705576364583468
INT_2239	0.880652772244321
INT_2245	0.413221125589851
INT_2246	0.710802045356614
INT_2249	0.926776493245689
INT_2250	0.995630188660506
INT_2254	0.42262684833101
INT_2255	0.460951021999913
INT_2256	0.490700200374805
INT_2257	0.525449108654891
INT_2258	0.854157280117207
INT_2259	0.894554646729043
INT_2260	0.946040615213713
INT_2261	0.994045329892352
INT_2262	0.99906377366521
INT_2266	0.979232839285318
INT_2267	0.982835792183817
INT_2271	0.994972882091776
INT_2272	0.999034736887206
INT_2273	0.999362651432325
INT_2274	0.999404792768499
INT_2276	0.99970239638425
INT_2282	0.973944902067692
INT_2286	0.544988016647338
INT_2287	0.575463185081479
INT_2288	0.607894701638317
INT_2289	0.650019710019936
INT_2290	0.767194001361748
INT_2293	0.877507111396409
INT_2296	0.781478215566873
INT_2299	0.608437453139765
INT_2300	0.638703961223272
INT_2301	0.966275484615212
INT_2304	0.670993471446009
INT_2305	0.727577356536453
INT_2309	0.706017307760232
INT_2313	0.502235636618343
INT_2314	0.595171898111297
INT_2315	0.67698045258406
INT_2316	0.706252180613142
INT_2317	0.729754657034533
INT_2319	0.751340017334633
INT_2320	0.773078923969838
INT_2321	0.810574249725693
INT_2322	0.918426189927211
INT_2323	0.957648360139209
INT_2324	0.970802084833326
INT_2328	0.987740923253505
INT_2331	0.849673114481403
INT_2333	0.95385334897055
INT_2338	0.799016081358753
INT_2339	0.920872109254779
INT_2342	0.986060681380069
INT_2344	0.990168315401408
INT_2347	0.866430233477405
INT_2348	0.918869359590737
INT_2353	0.54045889785315
INT_2354	0.647515798288969
INT_2355	0.854220266651105
INT_2358	0.736685755874249
INT_2359	0.82247687086455
INT_2361	0.983044428764392
INT_2365	0.586385528620918
INT_2366	0.631986091395653
INT_2373	0.378826294783989
INT_2374	0.593787931978245
INT_2375	0.651921660915152
INT_2376	0.708770841511071
INT_2377	0.745666872687628
INT_2378	0.779393496390658
INT_2379	0.809980426226027
INT_2380	0.839060269616606
INT_2381	0.873774046306218
INT_2383	0.972769663110974
INT_2385	0.992677269500625
INT_2388	0.859413387763402
INT_2389	0.874997621370778
INT_2390	0.900461624524356
INT_2392	0.974027428523772
INT_2395	0.889851311268131
INT_2396	0.913105066670095
INT_2398	0.937929723400365
INT_2400	0.976198063097397
INT_2402	0.978937456307958
INT_2405	0.906701245234819
INT_2406	0.992678498735925
INT_2409	0.99237184445501
INT_2412	0.887433017128251
INT_2413	0.906533595767326
INT_2415	0.933361020069557
INT_2417	0.948093666945666
INT_2418	0.96224600041572
INT_2421	0.954294037464112
INT_2422	0.960764016412639
INT_2423	0.967484180374915
INT_2428	0.968452424371365
INT_2431	0.967109872759601
INT_2435	0.849577989761726
INT_2440	0.937012582511637
INT_2443	0.99982915219272
INT_2446	0.243226142893831
INT_2447	0.342207453521873
INT_2448	0.893876735941308
INT_2451	0.423601861791094
INT_2454	0.289636602493749
INT_2455	0.348371114098827
INT_2456	0.419037212207917
INT_2459	0.831404951845599
INT_2460	0.910347467300888
INT_2462	0.992632295414257
INT_2465	0.94184720848705
INT_2466	0.984438167582255
INT_2468	0.989293579752411
INT_2471	0.965106097008913
INT_2474	0.328684457758048
INT_2475	0.624808536305018
INT_2476	0.831370646452724
INT_2477	0.861454027186088
INT_2478	0.987199577441879
INT_2481	0.927386338906704
INT_2484	0.858083824931721
INT_2485	0.900709389709686
INT_2486	0.913447251391414
INT_2488	0.926465863213232
INT_2491	0.941210685197823
INT_2492	0.961464123687792
INT_2493	0.998724646313451
INT_2496	0.9782325980437
INT_2497	0.997580543295891
INT_2499	0.999054849049144
INT_2502	0.996850221175584
INT_2504	0.99875707145266
INT_2510	0.399869237503346
INT_2511	0.500094548302096
INT_2513	0.62253239070487
INT_2514	0.917811833509963
INT_2517	0.687240484002786
INT_2520	0.453365183952111
INT_2521	0.76527279537573
INT_2524	0.523871596726855
INT_2525	0.688502479845386
INT_2527	0.879302121228619
INT_2530	0.575512335072689
INT_2531	0.833738655796283
INT_2532	0.97166060906792
INT_2536	0.721154210588871
INT_2538	0.791735879669605
INT_2540	0.833415894590124
195.Skunkpox.virus.proteins	1
201.Volepox.virus.proteins	1
191.Raccoonpox.virus.proteins	1
199.Taterapox.virus.proteins	1
175.Camelpox.virus.proteins	1
200.Variola.virus.proteins	1
183.Monkeypox.virus.Zaire-96-I-16.proteins	1
083.Vaccinia.virus.proteins	1
177.Cowpox.virus.proteins	1
179.Ectromelia.virus.proteins	1
204.Yoka.poxvirus.proteins	1
186.NY.014.poxvirus.proteins	1
184.Murmansk.poxvirus.proteins	1
173.BeAn.58058.virus.proteins	1
176.Cotia.virus.SPAn232.proteins	1
190.Rabbit.fibroma.virus.proteins	1
185.Myxoma.virus.proteins	1
082.Myxoma.virus.proteins	1
181.Goatpox.virus.Pellor.proteins	1
194.Sheeppox.virus.proteins	1
182.Lumpy.skin.disease.virus.NI-2490.proteins	1
196.Swinepox.virus.proteins	1
178.Deerpox.virus.W-848-83.proteins	1
202.Yaba.monkey.tumor.virus.proteins	1
197.Tanapox.virus.proteins	1
198.Tanapox.virus.proteins	1
203.Yaba-like.disease.virus.proteins	1
180.Eptesipox.virus.proteins	1
189.Pteropox.virus.proteins	1
192.Sea.otter.poxvirus.proteins	1
193.Seal.parapoxvirus.proteins	1
188.Pseudocowpox.virus.proteins	1
085.Orf.virus.proteins	1
187.Parapoxvirus.red.deer.proteins	1
174.Bovine.papular.stomatitis.virus.proteins	1
084.Squirrelpox.virus.proteins	1
081.Molluscum.contagiosum.virus.proteins	1
166.Fowlpox.virus.proteins	1
167.Penguinpox.virus.proteins	1
168.Pigeonpox.virus.proteins	1
165.Flamingopox.virus.FGPVKD09.proteins	1
080.Canarypox.virus.proteins	1
169.Turkeypox.virus.proteins	1
079.Nile.crocodilepox.virus.proteins	1
086.Yaravirus.brasiliensis.isolate.BHMG.proteins	1
205.Salmon.gill.poxvirus.proteins	1
076.Mythimna.separata.entomopoxvirus.proteins	1
075.Amsacta.moorei.entomopoxvirus.proteins	1
172.Choristoneura.rosaceana.entomopoxvirus.L.proteins	1
171.Choristoneura.biennis.entomopoxvirus.proteins	1
170.Adoxophyes.honmai.entomopoxvirus.L.proteins	1
077.Anomala.cuprea.entomopoxvirus.proteins	1
078.Melanoplus.sanguinipes.entomopoxvirus.proteins	1
UUJ171113.matabat2bin.140.proteins	1
UUJ170612.matabat2bin.178.proteins	1
UUJ180718.matabat2bin.171.proteins	1
UUJ170612.matabat2bin.102.proteins	1
UUJ170706.matabat2bin.124.decontaminated.proteins	1
UUJ180718.matabat2bin.287.proteins	1
UUJ180718.matabat2bin.297.proteins	1
UUJ170620.matabat2bin.371.decontaminated.proteins	1
UUJ170620.matabat2bin.454.proteins	1
UUJ171218.matabat2bin.310.proteins	1
074.Kaumoebavirus.proteins	1
073.African.swine.fever.virus.proteins	1
091.Abalone.asfarvirus.proteins	1
UUM180827.matabat2bin.338.proteins	1
UUJ180925.matabat2bin.296.proteins	1
UUJ180903.matabat2bin.487.proteins	1
072.Pacmanvirus.A23.proteins	1
071.Faustovirus.strain.E12.proteins	1
UUJ170612.matabat2bin.366.proteins	1
UUJ180725.matabat2bin.355.proteins	1
UUJ180510.matabat2bin.445.proteins	1
UUJ170927.matabat2bin.20.proteins	1
UUJ170623.matabat2bin.5.proteins	1
UUJ170927.matabat2bin.356.proteins	1
UUM180827.matabat2bin.335.proteins	1
UUJ180622.matabat2bin.44.proteins	1
UUJ170927.matabat2bin.41.proteins	1
UUJ180219.matabat2bin.100.proteins	1
UUJ180725.matabat2bin.12.proteins	1
UUJ170623.matabat2bin.328.proteins	1
UUJ180725.matabat2bin.150.proteins	1
UUJ170523.matabat2bin.155.decontaminated.proteins	1
UUJ180815.matabat2bin.312.proteins	1
UUJ170523.matabat2bin.53.proteins	1
UUJ180809.matabat2bin.141.decontaminated.proteins	1
UUJ170412.matabat2bin.131.proteins	1
UUJ170523.matabat2bin.62.proteins	1
UUJ180510.matabat2bin.37.decontaminated.proteins	1
UUJ180815.matabat2bin.352.proteins	1
UUJ180410.matabat2bin.5.proteins	1
UUJ170523.matabat2bin.348.proteins	1
UUJ180313.matabat2bin.53.proteins	1
UUJ180622.matabat2bin.14.proteins	1
UUJ170927.matabat2bin.183.proteins	1
UUJ180510.matabat2bin.377.proteins	1
UUJ180925.matabat2bin.22.proteins	1
UUJ180802.matabat2bin.13.proteins	1
UUJ170501.matabat2bin.54.proteins	1
UUJ180622.matabat2bin.98.proteins	1
UUJ180725.matabat2bin.329.proteins	1
UUJ180110.matabat2bin.180.proteins	1
UUJ180827.matabat2bin.431.proteins	1
UUJ180903.matabat2bin.452.proteins	1
UUJ180718.matabat2bin.95.proteins	1
UUJ180629.matabat2bin.36.proteins	1
UUJ171113.matabat2bin.236.proteins	1
UUJ180313.matabat2bin.236.proteins	1
UUJ170612.matabat2bin.368.proteins	1
UUJ171113.matabat2bin.361.proteins	1
UUJ180815.matabat2bin.245.proteins	1
UUF170621.matabat2bin.23.proteins	1
UUJ180815.matabat2bin.341.proteins	1
UUJ180903.matabat2bin.416.proteins	1
UUJ170927.matabat2bin.258.proteins	1
UUJ170804.matabat2bin.303.proteins	1
UUJ170105.matabat2bin.81.proteins	1
UUJ170615.matabat2bin.262.proteins	1
UUJ170612.matabat2bin.70.proteins	1
UUJ170927.matabat2bin.37.proteins	1
UUJ180802.matabat2bin.60.proteins	1
UUJ170721.matabat2bin.326.proteins	1
UUJ180809.matabat2bin.37.proteins	1
UUJ180809.matabat2bin.230.proteins	1
UUJ170818.matabat2bin.25.proteins	1
UUJ180925.matabat2bin.56.proteins	1
UUJ180802.matabat2bin.104.proteins	1
UUJ170804.matabat2bin.363.proteins	1
UUJ170721.matabat2bin.138.proteins	1
UUJ180903.matabat2bin.486.decontaminated.proteins	1
UUJ180802.matabat2bin.127.proteins	1
UUJ180802.matabat2bin.168.proteins	1
UUJ180903.matabat2bin.234.proteins	1
UUJ170726.matabat2bin.117.proteins	1
UUJ170927.matabat2bin.164.decontaminated.proteins	1
UUJ170721.matabat2bin.250.proteins	1
UUJ170804.matabat2bin.173.proteins	1
UUJ180903.matabat2bin.315.proteins	1
UUJ170630.matabat2bin.20.proteins	1
UUJ170612.matabat2bin.376.proteins	1
UUJ170927.matabat2bin.129.proteins	1
UUJ170105.matabat2bin.314.proteins	1
UUJ170612.matabat2bin.181.decontaminated.proteins	1
087.Heliothis.virescens.ascovirus.3f.proteins	1
088.Heliothis.virescens.ascovirus.3g.proteins	1
057.Heliothis.virescens.ascovirus.3e.proteins	1
089.Heliothis.virescens.ascovirus.3h.proteins	1
090.Heliothis.virescens.ascovirus.3j.proteins	1
059.Spodoptera.frugiperda.ascovirus.1a.proteins	1
058.Trichoplusia.ni.ascovirus.2c.proteins	1
056.Diadromus.pulchellus.ascovirus.4a.proteins	1
060.Armadillidium.vulgare.iridescent.virus.proteins	1
119.Armadillidium.vulgare.iridescent.virus.proteins	1
061.Invertebrate.iridescent.virus.6.proteins	1
062.Daphnia.iridovirus.1.proteins	1
120.Invertebrate.iridescent.virus.22.proteins	1
122.Invertebrate.iridovirus.22.proteins	1
121.Invertebrate.iridescent.virus.30.proteins	1
123.Invertebrate.iridovirus.25.proteins	1
063.Wiseana.iridescent.virus.proteins	1
117.Aedes.taeniorhynchus.iridescent.virus.proteins	1
064.Aedes.taeniorhynchus.iridescent.virus.proteins	1
118.Anopheles.minimus.irodovirus.proteins	1
068.Lymphocystis.disease.virus.Sa.proteins	1
103.Lymphocystis.disease.virus.-.isolate.China.proteins	1
104.Lymphocystis.disease.virus.1.proteins	1
095.Bohle.iridovirus.proteins	1
101.German.gecko.ranavirus.proteins	1
115.Tortoise.ranavirus.proteins	1
092.Ambystoma.tigrinum.stebbensi.virus.proteins	1
093.Ambystoma.tigrinum.virus.proteins	1
097.Cod.iridovirus.proteins	1
107.Ranavirus.maximus.proteins	1
111.Short-finned.eel.ranavirus.proteins	1
100.European.sheat.Fish.virus.proteins	1
099.Epizootic.haematopoietic.necrosis.virus.proteins	1
098.Common.midwife.toad.ranavirus.proteins	1
096.Chinese.giant.salamander.iridovirus.proteins	1
094.Andrias.davidianus.ranavirus.proteins	1
113.Testudo.hermanni.ranavirus.proteins	1
114.Tiger.frog.virus.proteins	1
069.Frog.virus.3.proteins	1
112.Soft-shelled.turtle.iridovirus.proteins	1
106.Rana.grylio.iridovirus.proteins	1
070.Singapore.grouper.iridovirus.proteins	1
102.Grouper.iridovirus.proteins	1
108.Red.sea-bream.iridovirus.proteins	1
110.Rock.bream.iridovirus.isolate.RBIV-C1.proteins	1
109.Rock.bream.iridovirus.proteins	1
105.Orange-spotted.grouper.iridovirus.proteins	1
116.Turbot.reddish.body.iridovirus.proteins	1
066.Infectious.spleen.and.kidney.necrosis.virus.proteins	1
067.Scale.drop.disease.virus.proteins	1
124.Shrimp.hemocyte.iridescent.virus.isolate.20141215.proteins	1
065.Cherax.quadricarinatus.iridovirus.proteins	1
208.Dikerogammarus.haemobaphes.virus.1.proteins	1
207.Carcinus.maenas.virus.1.proteins	1
206.Panulirus.argus.virus.1.proteins	1
051.Tunisvirus.fontaine2.proteins	1
130.Insectomime.virus.proteins	1
049.Brazilian.marseillevirus.proteins	1
127.Kurlavirus.proteins	1
128.Noumeavirus.proteins	1
129.Port-miou.virus.proteins	1
050.Lausannevirus.proteins	1
048.Golden.Marseillevirus.proteins	1
052.Tokyovirus.A1.proteins	1
054.Melbournevirus.proteins	1
125.Cannes.8.virus.proteins	1
126.Marseillevirus.Shangai.isolate.1.proteins	1
053.Marseillevirus.marseillevirus.strain.T19.proteins	1
UUJ170818.matabat2bin.245.proteins	1
UUJ180827.matabat2bin.429.proteins	1
UUJ170620.matabat2bin.473.proteins	1
045.Cedratvirus.A11.proteins	1
044.Cedratvirus.lausannensis.proteins	1
043.Cedratvirus.Zaza.IHUMI.proteins	1
046.Brazilian.cedratvirus.IHUMI.proteins	1
042.Pithovirus.sibericum.isolate.P1084-T.proteins	1
047.Orpheovirus.IHUMI-LCC2.proteins	1
UUJ170412.matabat2bin.86.proteins	1
UUM180827.matabat2bin.334.proteins	1
UUJ170626.matabat2bin.52.proteins	1
UUJ170626.matabat2bin.235.decontaminated.proteins	1
UUJ180903.matabat2bin.22.proteins	1
UUJ180718.matabat2bin.383.proteins	1
UUM171110.matabat2bin.2.proteins	1
UUJ180827.matabat2bin.432.decontaminated.proteins	1
UUJ171113.matabat2bin.359.proteins	1
UUJ170804.matabat2bin.59.proteins	1
UUJ170630.matabat2bin.43.decontaminated.proteins	1
UUJ170626.matabat2bin.393.proteins	1
UUJ180809.matabat2bin.313.decontaminated.proteins	1
UUJ180809.matabat2bin.168.proteins	1
UUJ170927.matabat2bin.173.proteins	1
UUJ170804.matabat2bin.406.proteins	1
UUJ180510.matabat2bin.148.proteins	1
UUJ170804.matabat2bin.280.proteins	1
UUJ170804.matabat2bin.84.proteins	1
UUJ170804.matabat2bin.53.proteins	1
UUJ171113.matabat2bin.330.proteins	1
UUJ170306.matabat2bin.35.proteins	1
UUJ180815.matabat2bin.323.proteins	1
UUJ180725.matabat2bin.9.proteins	1
UUJ180219.matabat2bin.220.decontaminated.proteins	1
UUJ180629.matabat2bin.87.decontaminated.proteins	1
UUJ180725.matabat2bin.327.proteins	1
UUJ180718.matabat2bin.374.proteins	1
UUJ180622.matabat2bin.373.decontaminated.proteins	1
UUJ180802.matabat2bin.308.decontaminated.proteins	1
UUJ180528.matabat2bin.313.proteins	1
150.Emiliania.huxleyi.virus.201.proteins	1
153.Emiliania.huxleyi.virus.207.proteins	1
154.Emiliania.huxleyi.virus.208.proteins	1
152.Emiliania.huxleyi.virus.203.proteins	1
155.Emiliania.huxleyi.virus.84.proteins	1
156.Emiliania.huxleyi.virus.88.proteins	1
148.Emiliania.huxleyi.virus.164.proteins	1
146.Emiliania.huxleyi.virus.145.proteins	1
028.Emiliania.huxleyi.virus.86.proteins	1
157.Emiliania.huxleyi.virus.99B1.proteins	1
151.Emiliania.huxleyi.virus.202.proteins	1
147.Emiliania.huxleyi.virus.156.proteins	1
149.Emiliania.huxleyi.virus.18.proteins	1
UUJ180622.matabat2bin.206.proteins	1
UUJ180410.matabat2bin.237.proteins	1
UUJ180410.matabat2bin.83.proteins	1
037.Pandoravirus.quercus.proteins	1
038.Pandoravirus.inopinatum.proteins	1
039.Pandoravirus.salinus.proteins	1
040.Pandoravirus.dulcis.proteins	1
036.Pandoravirus.neocaledonia.proteins	1
035.Pandoravirus.macleodensis.proteins	1
041.Mollivirus.sibericum.isolate.P1084-T.proteins	1
139.Mollivirus.sibericum.proteins	1
UUJ171110.matabat2bin.283.decontaminated.proteins	1
UUJ180809.matabat2bin.393.decontaminated.proteins	1
UUJ180925.matabat2bin.199.proteins	1
UUJ180110.matabat2bin.249.proteins	1
UUJ170630.matabat2bin.364.proteins	1
UUM180827.matabat2bin.372.proteins	1
UUJ180815.matabat2bin.444.proteins	1
UUJ180510.matabat2bin.332.proteins	1
UUJ171113.matabat2bin.122.proteins	1
UUJ180313.matabat2bin.34.decontaminated.proteins	1
UUJ170105.matabat2bin.355.proteins	1
UUJ180622.matabat2bin.335.decontaminated.proteins	1
UUJ180802.matabat2bin.444.proteins	1
UUJ180313.matabat2bin.81.proteins	1
UUJ170620.matabat2bin.143.proteins	1
UUJ180622.matabat2bin.83.proteins	1
UUJ170630.matabat2bin.40.proteins	1
UUJ170818.matabat2bin.262.proteins	1
UUJ170804.matabat2bin.38.proteins	1
UUJ180622.matabat2bin.2.proteins	1
UUJ170620.matabat2bin.224.decontaminated.proteins	1
UUJ180809.matabat2bin.121.proteins	1
UUJ170630.matabat2bin.435.proteins	1
055.Acanthamoeba.castellanii.medusavirus.proteins	1
UUJ180622.matabat2bin.97.decontaminated.proteins	1
UUJ180809.matabat2bin.151.decontaminated.proteins	1
UUJ180622.matabat2bin.400.decontaminated.proteins	1
UUJ170412.matabat2bin.186.decontaminated.proteins	1
UUJ180629.matabat2bin.22.decontaminated.proteins	1
UUJ180622.matabat2bin.293.decontaminated.proteins	1
UUJ180629.matabat2bin.158.decontaminated.proteins	1
UUJ170726.matabat2bin.25.decontaminated.proteins	1
UUJ180925.matabat2bin.270.decontaminated.proteins	1
UUJ180809.matabat2bin.65.decontaminated.proteins	1
UUJ180528.matabat2bin.99.decontaminated.proteins	1
UUJ180925.matabat2bin.47.decontaminated.proteins	1
UUJ170818.matabat2bin.295.decontaminated.proteins	1
UUJ180903.matabat2bin.400.decontaminated.proteins	1
UUJ180815.matabat2bin.454.decontaminated.proteins	1
UUJ171110.matabat2bin.66.decontaminated.proteins	1
UUJ180903.matabat2bin.425.decontaminated.proteins	1
UUJ171110.matabat2bin.275.decontaminated.proteins	1
UUJ171110.matabat2bin.162.decontaminated.proteins	1
UUJ180629.matabat2bin.277.decontaminated.proteins	1
UUJ180410.matabat2bin.193.proteins	1
UUJ180725.matabat2bin.59.proteins	1
030.Feldmannia.species.virus.proteins	1
029.Ectocarpus.siliculosus.virus.1.proteins	1
UUJ180725.matabat2bin.319.proteins	1
UUM180827.matabat2bin.346.proteins	1
UUJ180925.matabat2bin.262.proteins	1
UUJ170927.matabat2bin.23.decontaminated.proteins	1
UUJ180827.matabat2bin.26.proteins	1
UUJ180802.matabat2bin.408.proteins	1
UUJ180827.matabat2bin.369.decontaminated.proteins	1
UUJ170626.matabat2bin.397.proteins	1
UUJ170626.matabat2bin.30.proteins	1
UUJ180903.matabat2bin.211.decontaminated.proteins	1
UUJ170612.matabat2bin.267.proteins	1
UUJ180802.matabat2bin.413.proteins	1
UUJ170804.matabat2bin.355.proteins	1
UUJ171110.matabat2bin.303.proteins	1
UUJ170927.matabat2bin.13.proteins	1
UUM180827.matabat2bin.136.proteins	1
UUJ171110.matabat2bin.65.proteins	1
UUJ170927.matabat2bin.180.proteins	1
UUJ180718.matabat2bin.118.proteins	1
UUJ180313.matabat2bin.263.proteins	1
UUJ180629.matabat2bin.150.proteins	1
UUJ170804.matabat2bin.17.proteins	1
UUJ170927.matabat2bin.225.proteins	1
UUJ171110.matabat2bin.28.decontaminated.proteins	1
UUJ180802.matabat2bin.2.proteins	1
UUJ170412.matabat2bin.361.decontaminated.proteins	1
UUJ170721.matabat2bin.37.proteins	1
UUJ180510.matabat2bin.441.decontaminated.proteins	1
UUJ170412.matabat2bin.97.proteins	1
UUJ170714.matabat2bin.136.proteins	1
UUJ170501.matabat2bin.4.proteins	1
UUJ170105.matabat2bin.241.proteins	1
UUJ170306.matabat2bin.301.proteins	1
UUJ170721.matabat2bin.231.proteins	1
UUJ180622.matabat2bin.281.proteins	1
UUJ170804.matabat2bin.57.proteins	1
UUJ170927.matabat2bin.49.proteins	1
UUJ180925.matabat2bin.11.proteins	1
UUJ180313.matabat2bin.206.decontaminated.proteins	1
UUJ180809.matabat2bin.51.proteins	1
UUM180827.matabat2bin.89.proteins	1
UUJ170105.matabat2bin.277.proteins	1
UUF170621.matabat2bin.338.proteins	1
UUJ170721.matabat2bin.56.proteins	1
UUJ180528.matabat2bin.227.proteins	1
UUJ180510.matabat2bin.404.proteins	1
UUJ180313.matabat2bin.162.proteins	1
UUJ170630.matabat2bin.164.decontaminated.proteins	1
UUJ170804.matabat2bin.141.decontaminated.proteins	1
UUJ180827.matabat2bin.379.proteins	1
UUJ180510.matabat2bin.211.proteins	1
UUF170620.matabat2bin.84.proteins	1
UUJ180802.matabat2bin.78.decontaminated.proteins	1
UUJ170726.matabat2bin.130.decontaminated.proteins	1
UUJ170630.matabat2bin.139.proteins	1
UUJ171113.matabat2bin.300.decontaminated.proteins	1
UUJ180629.matabat2bin.86.proteins	1
UUJ170804.matabat2bin.338.proteins	1
UUJ170620.matabat2bin.468.decontaminated.proteins	1
UUJ180827.matabat2bin.5.proteins	1
UUJ170612.matabat2bin.51.proteins	1
UUJ171110.matabat2bin.176.proteins	1
UUJ170818.matabat2bin.240.proteins	1
UUJ170927.matabat2bin.65.proteins	1
UUJ180815.matabat2bin.47.proteins	1
UUJ170726.matabat2bin.259.proteins	1
UUJ180827.matabat2bin.367.proteins	1
UUJ171110.matabat2bin.235.proteins	1
UUJ170620.matabat2bin.409.proteins	1
UUJ180802.matabat2bin.220.proteins	1
UUJ171218.matabat2bin.339.proteins	1
UUJ170412.matabat2bin.355.proteins	1
UUJ170306.matabat2bin.207.proteins	1
UUJ180313.matabat2bin.195.proteins	1
UUJ180622.matabat2bin.283.proteins	1
UUJ180802.matabat2bin.68.proteins	1
UUJ170818.matabat2bin.266.proteins	1
UUJ170105.matabat2bin.21.proteins	1
UUJ170804.matabat2bin.12.proteins	1
UUJ170818.matabat2bin.161.proteins	1
UUJ171113.matabat2bin.279.proteins	1
UUJ170105.matabat2bin.86.proteins	1
UUJ170306.matabat2bin.255.proteins	1
UUJ180827.matabat2bin.247.proteins	1
UUJ170306.matabat2bin.186.proteins	1
UUJ171218.matabat2bin.316.proteins	1
UUJ170721.matabat2bin.11.proteins	1
UUJ180313.matabat2bin.20.proteins	1
UUJ180802.matabat2bin.15.proteins	1
UUJ180802.matabat2bin.75.proteins	1
UUJ180313.matabat2bin.133.proteins	1
UUJ180629.matabat2bin.116.proteins	1
UUJ180313.matabat2bin.30.proteins	1
UUJ180827.matabat2bin.402.proteins	1
UUJ180925.matabat2bin.358.proteins	1
UUM180827.matabat2bin.98.proteins	1
UUJ170818.matabat2bin.198.proteins	1
UUJ180827.matabat2bin.46.proteins	1
UUJ180827.matabat2bin.56.proteins	1
UUJ170706.matabat2bin.145.proteins	1
UUJ170804.matabat2bin.400.proteins	1
UUJ180802.matabat2bin.182.proteins	1
UUJ180827.matabat2bin.362.proteins	1
UUJ170927.matabat2bin.80.proteins	1
UUJ170714.matabat2bin.139.proteins	1
UUJ170927.matabat2bin.238.proteins	1
UUJ170630.matabat2bin.434.proteins	1
UUJ170412.matabat2bin.156.proteins	1
UUJ180313.matabat2bin.297.proteins	1
UUJ180219.matabat2bin.173.proteins	1
UUJ180815.matabat2bin.300.proteins	1
UUJ180802.matabat2bin.416.proteins	1
UUJ180410.matabat2bin.74.proteins	1
UUJ180410.matabat2bin.369.proteins	1
UUJ180718.matabat2bin.269.proteins	1
UUJ180410.matabat2bin.51.proteins	1
UUJ180925.matabat2bin.7.proteins	1
UUJ170612.matabat2bin.373.proteins	1
UUJ180925.matabat2bin.45.proteins	1
UUJ170620.matabat2bin.445.proteins	1
UUJ180110.matabat2bin.5.proteins	1
UUJ180802.matabat2bin.432.proteins	1
UUJ180528.matabat2bin.13.proteins	1
UUJ170714.matabat2bin.47.proteins	1
UUJ170714.matabat2bin.14.proteins	1
UUJ170630.matabat2bin.379.proteins	1
UUJ170105.matabat2bin.313.proteins	1
UUJ180410.matabat2bin.60.proteins	1
UUJ180219.matabat2bin.4.proteins	1
UUJ170927.matabat2bin.330.proteins	1
UUJ180528.matabat2bin.269.proteins	1
UUJ170804.matabat2bin.93.proteins	1
UUJ170620.matabat2bin.253.proteins	1
UUJ170804.matabat2bin.374.proteins	1
UUJ180802.matabat2bin.328.proteins	1
UUJ170804.matabat2bin.140.proteins	1
006.Phaeocystis.globosa.virus.strain.16T.proteins	1
UUJ170523.matabat2bin.127.proteins	1
UUJ180219.matabat2bin.166.proteins	1
UUJ180219.matabat2bin.26.proteins	1
UUJ170105.matabat2bin.357.proteins	1
UUF170621.matabat2bin.71.proteins	1
UUJ180725.matabat2bin.40.proteins	1
UUJ170306.matabat2bin.76.proteins	1
UUJ170630.matabat2bin.332.proteins	1
UUJ170501.matabat2bin.164.proteins	1
UUJ171113.matabat2bin.184.decontaminated.proteins	1
UUJ171113.matabat2bin.385.proteins	1
UUJ180622.matabat2bin.302.proteins	1
UUJ170620.matabat2bin.410.proteins	1
UUJ170630.matabat2bin.2.proteins	1
UUJ170721.matabat2bin.382.proteins	1
UUJ180510.matabat2bin.459.proteins	1
UUM180827.matabat2bin.42.proteins	1
UUJ180925.matabat2bin.132.proteins	1
UUJ170818.matabat2bin.106.proteins	1
UUJ170927.matabat2bin.107.proteins	1
UUJ170818.matabat2bin.329.proteins	1
UUJ170615.matabat2bin.363.proteins	1
UUJ170306.matabat2bin.253.proteins	1
UUJ170620.matabat2bin.256.proteins	1
UUJ170927.matabat2bin.278.proteins	1
UUJ171113.matabat2bin.49.proteins	1
UUJ170615.matabat2bin.227.proteins	1
UUJ170927.matabat2bin.297.proteins	1
UUJ170523.matabat2bin.324.proteins	1
UUJ180510.matabat2bin.432.proteins	1
UUJ171113.matabat2bin.363.proteins	1
UUJ180815.matabat2bin.126.proteins	1
UUJ180718.matabat2bin.18.proteins	1
UUJ171027.matabat2bin.231.proteins	1
UUJ180725.matabat2bin.132.proteins	1
UUJ170721.matabat2bin.142.proteins	1
UUF170621.matabat2bin.138.proteins	1
UUJ180718.matabat2bin.315.proteins	1
UUJ171110.matabat2bin.164.proteins	1
UUJ170501.matabat2bin.293.proteins	1
UUJ180219.matabat2bin.193.proteins	1
UUJ170623.matabat2bin.375.proteins	1
UUJ180313.matabat2bin.6.proteins	1
UUJ170706.matabat2bin.250.proteins	1
UUJ170523.matabat2bin.342.proteins	1
007.Chrysochromulina.ericina.virus.isolate.CeV-01B.proteins	1
UUJ180410.matabat2bin.213.proteins	1
UUJ170927.matabat2bin.32.proteins	1
UUJ170818.matabat2bin.199.proteins	1
UUJ170804.matabat2bin.377.proteins	1
UUJ180815.matabat2bin.23.proteins	1
UUJ170927.matabat2bin.44.proteins	1
UUJ170927.matabat2bin.317.proteins	1
UUJ170927.matabat2bin.310.proteins	1
UUJ180815.matabat2bin.427.proteins	1
UUJ170523.matabat2bin.222.proteins	1
UUJ171110.matabat2bin.254.proteins	1
UUJ180313.matabat2bin.271.proteins	1
UUJ180219.matabat2bin.178.proteins	1
UUJ180110.matabat2bin.257.proteins	1
UUJ170626.matabat2bin.294.proteins	1
UUJ180110.matabat2bin.255.decontaminated.proteins	1
UUJ170501.matabat2bin.30.proteins	1
UUJ180313.matabat2bin.157.proteins	1
UUJ180313.matabat2bin.259.proteins	1
UUJ171113.matabat2bin.53.proteins	1
UUJ170630.matabat2bin.388.proteins	1
UUJ171218.matabat2bin.130.proteins	1
UUJ171218.matabat2bin.235.proteins	1
UUJ170626.matabat2bin.14.proteins	1
UUJ170105.matabat2bin.41.proteins	1
UUJ170523.matabat2bin.292.proteins	1
UUJ180313.matabat2bin.303.proteins	1
UUJ170412.matabat2bin.295.proteins	1
UUJ180313.matabat2bin.294.proteins	1
UUJ170306.matabat2bin.308.proteins	1
UUJ180410.matabat2bin.174.proteins	1
UUJ171113.matabat2bin.120.proteins	1
UUJ171113.matabat2bin.301.proteins	1
UUJ180802.matabat2bin.364.proteins	1
UUJ180925.matabat2bin.66.proteins	1
UUM180827.matabat2bin.184.proteins	1
UUJ170804.matabat2bin.129.proteins	1
UUJ170714.matabat2bin.363.proteins	1
UUJ170630.matabat2bin.34.proteins	1
UUJ180827.matabat2bin.174.proteins	1
UUF170620.matabat2bin.310.proteins	1
UUJ170927.matabat2bin.373.decontaminated.proteins	1
UUM171110.matabat2bin.93.proteins	1
UUJ180110.matabat2bin.277.proteins	1
UUJ180802.matabat2bin.411.proteins	1
UUJ170105.matabat2bin.233.proteins	1
UUJ180802.matabat2bin.356.proteins	1
UUJ171218.matabat2bin.24.proteins	1
UUJ180510.matabat2bin.34.proteins	1
UUJ170612.matabat2bin.20.proteins	1
UUJ180802.matabat2bin.96.proteins	1
UUJ180827.matabat2bin.83.proteins	1
UUJ170501.matabat2bin.287.proteins	1
UUJ180313.matabat2bin.284.proteins	1
UUJ180313.matabat2bin.250.proteins	1
UUJ170714.matabat2bin.95.proteins	1
UUJ170523.matabat2bin.13.proteins	1
UUF170621.matabat2bin.43.proteins	1
UUJ170412.matabat2bin.233.proteins	1
UUJ170714.matabat2bin.356.proteins	1
UUJ170623.matabat2bin.61.proteins	1
UUJ180110.matabat2bin.254.proteins	1
UUJ180410.matabat2bin.323.proteins	1
UUJ180925.matabat2bin.205.proteins	1
UUJ180110.matabat2bin.14.proteins	1
UUJ170612.matabat2bin.81.proteins	1
UUJ180815.matabat2bin.12.proteins	1
UUJ180622.matabat2bin.395.decontaminated.proteins	1
UUM180827.matabat2bin.278.proteins	1
UUJ170501.matabat2bin.337.proteins	1
UUJ170412.matabat2bin.288.decontaminated.proteins	1
UUJ180802.matabat2bin.289.proteins	1
UUJ180802.matabat2bin.76.proteins	1
UUF170620.matabat2bin.4.proteins	1
UUJ170105.matabat2bin.179.proteins	1
UUJ171027.matabat2bin.190.proteins	1
UUJ170623.matabat2bin.35.proteins	1
UUJ170726.matabat2bin.78.proteins	1
UUJ180510.matabat2bin.402.proteins	1
UUJ170105.matabat2bin.258.proteins	1
UUJ180313.matabat2bin.65.proteins	1
UUJ170626.matabat2bin.324.proteins	1
UUJ170412.matabat2bin.55.proteins	1
UUJ180718.matabat2bin.401.proteins	1
UUJ180510.matabat2bin.293.proteins	1
UUJ171113.matabat2bin.133.proteins	1
UUJ180110.matabat2bin.103.proteins	1
UUJ180903.matabat2bin.262.proteins	1
UUJ180718.matabat2bin.407.proteins	1
UUJ170412.matabat2bin.59.proteins	1
UUJ170306.matabat2bin.163.proteins	1
UUJ170721.matabat2bin.184.decontaminated.proteins	1
UUJ171113.matabat2bin.245.proteins	1
UUJ171113.matabat2bin.44.proteins	1
UUJ170412.matabat2bin.314.proteins	1
UUJ180718.matabat2bin.172.proteins	1
UUJ170105.matabat2bin.164.proteins	1
UUJ170726.matabat2bin.91.proteins	1
UUJ171027.matabat2bin.6.proteins	1
UUJ180622.matabat2bin.277.proteins	1
UUJ180903.matabat2bin.488.decontaminated.proteins	1
UUJ180718.matabat2bin.338.proteins	1
UUJ180622.matabat2bin.417.proteins	1
UUJ180219.matabat2bin.37.proteins	1
UUJ170306.matabat2bin.189.proteins	1
UUJ170105.matabat2bin.370.proteins	1
UUJ170612.matabat2bin.365.proteins	1
UUJ180725.matabat2bin.320.proteins	1
UUJ170105.matabat2bin.28.proteins	1
UUJ180802.matabat2bin.341.proteins	1
UUJ170412.matabat2bin.301.proteins	1
UUM180827.matabat2bin.34.proteins	1
UUJ170412.matabat2bin.359.proteins	1
UUJ170523.matabat2bin.10.proteins	1
UUJ180827.matabat2bin.139.proteins	1
UUJ171027.matabat2bin.91.decontaminated.proteins	1
UUJ170523.matabat2bin.333.proteins	1
UUJ180510.matabat2bin.415.proteins	1
UUJ180510.matabat2bin.3.decontaminated.proteins	1
UUJ170306.matabat2bin.26.proteins	1
UUJ180925.matabat2bin.8.proteins	1
UUJ170501.matabat2bin.310.proteins	1
UUJ180219.matabat2bin.92.proteins	1
UUJ180827.matabat2bin.434.proteins	1
UUJ180815.matabat2bin.54.decontaminated.proteins	1
UUJ170306.matabat2bin.289.proteins	1
UUJ180110.matabat2bin.35.proteins	1
UUJ170105.matabat2bin.288.proteins	1
UUJ170412.matabat2bin.62.proteins	1
UUJ170721.matabat2bin.352.proteins	1
UUJ180313.matabat2bin.266.proteins	1
UUJ170306.matabat2bin.238.proteins	1
UUJ170105.matabat2bin.19.proteins	1
UUJ170714.matabat2bin.302.proteins	1
UUJ180827.matabat2bin.254.proteins	1
UUJ180903.matabat2bin.58.proteins	1
UUJ180802.matabat2bin.343.proteins	1
UUJ180925.matabat2bin.382.proteins	1
UUM171110.matabat2bin.293.decontaminated.proteins	1
UUJ180410.matabat2bin.17.proteins	1
UUJ180110.matabat2bin.31.proteins	1
UUM171110.matabat2bin.176.proteins	1
UUM180827.matabat2bin.126.proteins	1
UUJ180815.matabat2bin.310.proteins	1
UUJ180510.matabat2bin.443.proteins	1
UUJ180110.matabat2bin.227.proteins	1
UUJ171027.matabat2bin.217.proteins	1
UUJ170714.matabat2bin.340.proteins	1
UUJ170105.matabat2bin.20.proteins	1
UUM171110.matabat2bin.250.proteins	1
UUM180827.matabat2bin.236.proteins	1
UUJ180219.matabat2bin.99.proteins	1
UUJ180410.matabat2bin.359.proteins	1
UUJ180410.matabat2bin.355.proteins	1
UUM180827.matabat2bin.28.proteins	1
UUJ180827.matabat2bin.279.proteins	1
UUJ180410.matabat2bin.330.proteins	1
UUJ180802.matabat2bin.163.proteins	1
UUJ170105.matabat2bin.199.proteins	1
UUJ180802.matabat2bin.313.proteins	1
UUM180827.matabat2bin.234.proteins	1
UUJ180925.matabat2bin.435.proteins	1
UUM180827.matabat2bin.337.proteins	1
UUJ180827.matabat2bin.41.proteins	1
UUJ180802.matabat2bin.346.proteins	1
UUJ180410.matabat2bin.307.proteins	1
UUJ170105.matabat2bin.29.proteins	1
UUM180827.matabat2bin.328.decontaminated.proteins	1
UUJ180815.matabat2bin.413.proteins	1
UUJ180802.matabat2bin.370.proteins	1
UUJ170412.matabat2bin.348.proteins	1
UUJ180802.matabat2bin.142.proteins	1
UUJ180219.matabat2bin.40.decontaminated.proteins	1
UUJ180802.matabat2bin.417.proteins	1
UUJ170630.matabat2bin.372.decontaminated.proteins	1
UUJ170105.matabat2bin.12.proteins	1
UUJ170630.matabat2bin.188.proteins	1
UUJ170105.matabat2bin.15.proteins	1
UUJ170630.matabat2bin.50.proteins	1
UUJ170726.matabat2bin.81.proteins	1
UUJ170615.matabat2bin.350.proteins	1
UUJ171027.matabat2bin.228.proteins	1
UUJ170630.matabat2bin.405.proteins	1
UUJ180815.matabat2bin.22.proteins	1
UUJ180313.matabat2bin.301.proteins	1
UUJ180802.matabat2bin.285.proteins	1
UUJ170721.matabat2bin.361.proteins	1
UUJ170412.matabat2bin.112.proteins	1
UUJ180510.matabat2bin.164.proteins	1
UUJ180802.matabat2bin.23.proteins	1
UUJ180827.matabat2bin.422.proteins	1
UUF170621.matabat2bin.333.proteins	1
UUJ180718.matabat2bin.198.decontaminated.proteins	1
UUJ180815.matabat2bin.182.proteins	1
UUJ170620.matabat2bin.438.proteins	1
UUJ180410.matabat2bin.64.proteins	1
UUJ170721.matabat2bin.24.proteins	1
UUJ170721.matabat2bin.280.decontaminated.proteins	1
UUJ180802.matabat2bin.239.proteins	1
UUJ180510.matabat2bin.328.proteins	1
UUJ170523.matabat2bin.365.proteins	1
UUJ180510.matabat2bin.151.proteins	1
UUJ180802.matabat2bin.179.proteins	1
UUJ180510.matabat2bin.40.proteins	1
UUJ170927.matabat2bin.355.proteins	1
UUJ180815.matabat2bin.374.proteins	1
UUJ180802.matabat2bin.132.proteins	1
UUJ180410.matabat2bin.149.proteins	1
UUJ170818.matabat2bin.173.proteins	1
UUJ170804.matabat2bin.333.proteins	1
UUJ170620.matabat2bin.17.proteins	1
UUJ180802.matabat2bin.91.proteins	1
UUJ180802.matabat2bin.122.proteins	1
UUJ170105.matabat2bin.359.proteins	1
UUJ170523.matabat2bin.290.proteins	1
UUJ180510.matabat2bin.388.proteins	1
UUJ170721.matabat2bin.125.proteins	1
UUJ170523.matabat2bin.251.proteins	1
UUJ170721.matabat2bin.57.proteins	1
UUJ170523.matabat2bin.14.decontaminated.proteins	1
UUJ180410.matabat2bin.353.proteins	1
UUJ170927.matabat2bin.89.proteins	1
UUJ170501.matabat2bin.107.proteins	1
UUJ170412.matabat2bin.99.proteins	1
UUJ180925.matabat2bin.356.proteins	1
UUJ170721.matabat2bin.302.proteins	1
UUJ180815.matabat2bin.375.proteins	1
UUJ170721.matabat2bin.337.proteins	1
UUJ170620.matabat2bin.416.proteins	1
UUJ170804.matabat2bin.354.decontaminated.proteins	1
UUF170620.matabat2bin.399.proteins	1
UUJ170626.matabat2bin.47.proteins	1
UUJ180802.matabat2bin.280.proteins	1
UUJ170804.matabat2bin.304.proteins	1
UUJ180510.matabat2bin.453.proteins	1
UUJ180219.matabat2bin.176.proteins	1
UUJ180313.matabat2bin.37.proteins	1
UUJ170623.matabat2bin.273.proteins	1
UUJ180410.matabat2bin.141.proteins	1
UUJ180410.matabat2bin.367.proteins	1
UUJ170630.matabat2bin.158.proteins	1
UUJ170412.matabat2bin.317.proteins	1
UUJ170714.matabat2bin.255.proteins	1
UUJ171110.matabat2bin.22.proteins	1
UUJ180313.matabat2bin.111.proteins	1
016.Organic.Lake.phycodnavirus.2.proteins	1
015.Organic.Lake.phycodnavirus.1.proteins	1
UUJ170706.matabat2bin.144.proteins	1
UUJ171027.matabat2bin.3.proteins	1
UUJ180802.matabat2bin.119.proteins	1
UUJ170630.matabat2bin.389.proteins	1
UUJ170523.matabat2bin.19.proteins	1
UUJ180410.matabat2bin.288.decontaminated.proteins	1
UUJ170714.matabat2bin.332.proteins	1
UUJ180510.matabat2bin.187.proteins	1
UUJ171113.matabat2bin.51.proteins	1
UUJ180410.matabat2bin.26.proteins	1
UUJ170105.matabat2bin.133.proteins	1
UUJ170706.matabat2bin.299.proteins	1
UUJ170714.matabat2bin.159.proteins	1
UUJ180510.matabat2bin.356.proteins	1
UUJ170804.matabat2bin.120.proteins	1
UUJ180110.matabat2bin.89.proteins	1
UUJ170105.matabat2bin.188.proteins	1
UUJ170630.matabat2bin.106.proteins	1
UUJ170105.matabat2bin.281.proteins	1
UUJ180802.matabat2bin.318.proteins	1
UUJ170706.matabat2bin.203.proteins	1
UUJ180802.matabat2bin.340.proteins	1
UUJ170706.matabat2bin.87.proteins	1
UUJ170630.matabat2bin.431.decontaminated.proteins	1
UUJ180802.matabat2bin.129.proteins	1
UUM180827.matabat2bin.312.proteins	1
UUJ170630.matabat2bin.49.decontaminated.proteins	1
UUJ180219.matabat2bin.153.proteins	1
UUJ170615.matabat2bin.275.proteins	1
UUJ170105.matabat2bin.121.proteins	1
UUJ170523.matabat2bin.304.decontaminated.proteins	1
UUJ171218.matabat2bin.351.proteins	1
UUJ171218.matabat2bin.274.proteins	1
UUJ180219.matabat2bin.186.proteins	1
UUJ170105.matabat2bin.364.proteins	1
UUJ180219.matabat2bin.134.proteins	1
UUJ170630.matabat2bin.67.proteins	1
UUJ171218.matabat2bin.294.decontaminated.proteins	1
UUJ171218.matabat2bin.327.decontaminated.proteins	1
UUJ171218.matabat2bin.192.proteins	1
UUJ170105.matabat2bin.56.decontaminated.proteins	1
UUJ171218.matabat2bin.303.proteins	1
UUJ171218.matabat2bin.99.decontaminated.proteins	1
UUJ180219.matabat2bin.143.proteins	1
UUJ171218.matabat2bin.162.proteins	1
UUJ170523.matabat2bin.82.decontaminated.proteins	1
UUJ180313.matabat2bin.292.proteins	1
UUJ171218.matabat2bin.307.proteins	1
UUJ171218.matabat2bin.76.proteins	1
UUJ180219.matabat2bin.152.proteins	1
UUJ171218.matabat2bin.369.proteins	1
UUJ170105.matabat2bin.45.proteins	1
UUJ170501.matabat2bin.267.decontaminated.proteins	1
UUJ180827.matabat2bin.177.decontaminated.proteins	1
UUJ170523.matabat2bin.157.proteins	1
UUJ171218.matabat2bin.41.proteins	1
UUJ170623.matabat2bin.189.proteins	1
UUJ170523.matabat2bin.168.proteins	1
UUJ180510.matabat2bin.255.proteins	1
UUJ180925.matabat2bin.165.proteins	1
UUJ170501.matabat2bin.265.decontaminated.proteins	1
UUJ180510.matabat2bin.339.proteins	1
UUJ180622.matabat2bin.219.proteins	1
UUJ170105.matabat2bin.151.proteins	1
UUJ180510.matabat2bin.346.proteins	1
UUJ170804.matabat2bin.76.proteins	1
UUJ180925.matabat2bin.187.proteins	1
UUJ170804.matabat2bin.414.proteins	1
UUJ180827.matabat2bin.355.decontaminated.proteins	1
UUJ180510.matabat2bin.463.proteins	1
UUJ180622.matabat2bin.330.decontaminated.proteins	1
UUJ171218.matabat2bin.231.proteins	1
UUJ180827.matabat2bin.386.proteins	1
UUJ170721.matabat2bin.384.proteins	1
UUJ171218.matabat2bin.70.proteins	1
UUJ170501.matabat2bin.55.decontaminated.proteins	1
UUJ180510.matabat2bin.438.proteins	1
UUJ180410.matabat2bin.319.proteins	1
UUJ170523.matabat2bin.162.decontaminated.proteins	1
UUJ170612.matabat2bin.344.proteins	1
UUJ170818.matabat2bin.276.proteins	1
UUJ171218.matabat2bin.11.proteins	1
UUJ170927.matabat2bin.46.proteins	1
UUJ171218.matabat2bin.263.proteins	1
UUJ171218.matabat2bin.84.decontaminated.proteins	1
UUF170620.matabat2bin.35.proteins	1
UUJ170501.matabat2bin.228.proteins	1
022.Mimiviridae.sp.ChoanoV1.proteins	1
UUJ170804.matabat2bin.219.proteins	1
UUJ180802.matabat2bin.249.proteins	1
UUJ170523.matabat2bin.357.proteins	1
UUJ171218.matabat2bin.129.proteins	1
UUJ180510.matabat2bin.152.decontaminated.proteins	1
UUJ171113.matabat2bin.315.decontaminated.proteins	1
UUJ180313.matabat2bin.10.proteins	1
UUJ170927.matabat2bin.47.proteins	1
UUJ170523.matabat2bin.341.proteins	1
UUJ180510.matabat2bin.51.proteins	1
UUJ170626.matabat2bin.354.proteins	1
UUJ180410.matabat2bin.98.proteins	1
UUJ170804.matabat2bin.399.proteins	1
UUJ170804.matabat2bin.384.proteins	1
UUJ180510.matabat2bin.363.proteins	1
UUJ180410.matabat2bin.363.decontaminated.proteins	1
UUM180827.matabat2bin.336.decontaminated.proteins	1
UUJ180802.matabat2bin.457.proteins	1
UUJ180815.matabat2bin.68.proteins	1
UUJ170620.matabat2bin.41.proteins	1
UUJ180410.matabat2bin.150.proteins	1
UUJ180528.matabat2bin.346.proteins	1
UUJ170523.matabat2bin.31.proteins	1
UUJ170804.matabat2bin.43.proteins	1
UUJ180622.matabat2bin.112.decontaminated.proteins	1
UUJ180510.matabat2bin.183.proteins	1
UUJ170630.matabat2bin.47.proteins	1
UUJ170804.matabat2bin.119.decontaminated.proteins	1
UUJ170804.matabat2bin.241.proteins	1
UUJ170818.matabat2bin.303.proteins	1
UUJ170927.matabat2bin.17.proteins	1
UUJ170630.matabat2bin.411.decontaminated.proteins	1
UUJ180925.matabat2bin.266.proteins	1
UUJ170804.matabat2bin.24.proteins	1
UUJ180903.matabat2bin.376.proteins	1
UUJ180718.matabat2bin.15.proteins	1
UUJ170626.matabat2bin.203.decontaminated.proteins	1
UUJ180622.matabat2bin.225.decontaminated.proteins	1
UUJ170105.matabat2bin.161.proteins	1
UUJ180622.matabat2bin.264.proteins	1
UUJ180510.matabat2bin.263.proteins	1
UUJ170721.matabat2bin.386.proteins	1
UUJ180110.matabat2bin.127.proteins	1
UUJ170306.matabat2bin.54.proteins	1
UUJ170306.matabat2bin.297.proteins	1
UUJ180802.matabat2bin.316.proteins	1
UUJ170623.matabat2bin.15.proteins	1
UUJ180510.matabat2bin.312.proteins	1
UUF170620.matabat2bin.347.proteins	1
UUF170620.matabat2bin.107.proteins	1
UUF170620.matabat2bin.325.proteins	1
UUF170621.matabat2bin.27.proteins	1
UUJ170626.matabat2bin.389.proteins	1
UUJ170615.matabat2bin.367.proteins	1
UUJ170804.matabat2bin.282.proteins	1
UUJ170615.matabat2bin.366.proteins	1
UUJ180410.matabat2bin.188.proteins	1
UUJ170523.matabat2bin.336.decontaminated.proteins	1
UUJ180219.matabat2bin.170.proteins	1
UUJ170804.matabat2bin.217.proteins	1
UUJ180925.matabat2bin.263.proteins	1
UUJ180809.matabat2bin.30.proteins	1
UUJ180510.matabat2bin.399.proteins	1
UUJ180313.matabat2bin.8.proteins	1
UUJ170721.matabat2bin.332.proteins	1
UUJ180510.matabat2bin.174.proteins	1
UUJ170818.matabat2bin.239.proteins	1
UUM180827.matabat2bin.330.decontaminated.proteins	1
UUJ170306.matabat2bin.2.proteins	1
UUJ180718.matabat2bin.45.proteins	1
UUJ170105.matabat2bin.226.proteins	1
UUJ170412.matabat2bin.298.proteins	1
UUJ180510.matabat2bin.444.proteins	1
UUJ170623.matabat2bin.88.proteins	1
UUJ170105.matabat2bin.347.proteins	1
UUJ180219.matabat2bin.17.proteins	1
UUJ180925.matabat2bin.377.proteins	1
UUJ180802.matabat2bin.19.proteins	1
UUJ180925.matabat2bin.393.proteins	1
UUJ171027.matabat2bin.147.proteins	1
UUJ170105.matabat2bin.66.proteins	1
UUJ180410.matabat2bin.327.proteins	1
UUJ180219.matabat2bin.163.proteins	1
UUJ170412.matabat2bin.326.proteins	1
UUJ170706.matabat2bin.121.proteins	1
UUJ170105.matabat2bin.242.proteins	1
UUJ180510.matabat2bin.387.proteins	1
UUJ180925.matabat2bin.28.proteins	1
UUJ180903.matabat2bin.38.proteins	1
UUJ170306.matabat2bin.160.proteins	1
UUJ170501.matabat2bin.96.proteins	1
UUJ170612.matabat2bin.17.proteins	1
UUJ170306.matabat2bin.57.proteins	1
UUJ180410.matabat2bin.388.proteins	1
008.Tetraselmis.virus.1.proteins	1
UUJ180629.matabat2bin.346.proteins	1
UUJ180219.matabat2bin.16.proteins	1
UUJ180827.matabat2bin.123.proteins	1
UUJ171218.matabat2bin.340.proteins	1
UUM180827.matabat2bin.10.proteins	1
UUJ180903.matabat2bin.161.proteins	1
UUJ180622.matabat2bin.28.proteins	1
UUM180827.matabat2bin.142.proteins	1
UUJ180622.matabat2bin.147.proteins	1
UUJ170804.matabat2bin.279.proteins	1
UUJ171218.matabat2bin.6.proteins	1
UUJ180410.matabat2bin.22.proteins	1
UUJ170523.matabat2bin.312.proteins	1
UUJ180219.matabat2bin.187.proteins	1
UUJ170501.matabat2bin.91.proteins	1
UUJ180815.matabat2bin.74.proteins	1
UUJ170714.matabat2bin.353.proteins	1
UUJ180410.matabat2bin.306.proteins	1
UUJ170927.matabat2bin.363.proteins	1
UUJ180827.matabat2bin.50.proteins	1
UUJ180510.matabat2bin.417.proteins	1
UUJ180622.matabat2bin.104.proteins	1
UUJ180802.matabat2bin.449.proteins	1
UUJ170523.matabat2bin.325.proteins	1
UUJ170626.matabat2bin.330.proteins	1
UUJ180815.matabat2bin.279.proteins	1
UUJ170623.matabat2bin.34.proteins	1
UUJ180510.matabat2bin.449.proteins	1
UUJ180622.matabat2bin.394.proteins	1
UUJ171218.matabat2bin.227.proteins	1
UUJ171218.matabat2bin.265.decontaminated.proteins	1
UUJ171218.matabat2bin.127.decontaminated.proteins	1
UUJ180219.matabat2bin.51.proteins	1
UUJ180219.matabat2bin.120.proteins	1
UUJ180110.matabat2bin.225.proteins	1
UUJ171218.matabat2bin.255.proteins	1
UUJ170630.matabat2bin.324.proteins	1
UUJ180827.matabat2bin.73.proteins	1
UUJ170927.matabat2bin.345.proteins	1
UUJ180815.matabat2bin.348.proteins	1
UUJ180815.matabat2bin.135.proteins	1
UUJ180313.matabat2bin.60.proteins	1
UUJ180410.matabat2bin.189.proteins	1
UUJ180622.matabat2bin.349.proteins	1
UUJ170523.matabat2bin.206.decontaminated.proteins	1
UUJ180827.matabat2bin.12.proteins	1
UUJ170804.matabat2bin.344.proteins	1
UUJ171218.matabat2bin.353.proteins	1
UUJ170523.matabat2bin.246.proteins	1
UUJ180827.matabat2bin.256.proteins	1
UUJ180510.matabat2bin.23.proteins	1
UUJ180802.matabat2bin.344.proteins	1
UUJ170523.matabat2bin.85.proteins	1
UUJ180802.matabat2bin.197.proteins	1
UUJ180622.matabat2bin.275.proteins	1
UUJ180510.matabat2bin.460.proteins	1
UUJ170523.matabat2bin.273.proteins	1
UUJ180802.matabat2bin.402.proteins	1
UUJ170626.matabat2bin.105.proteins	1
UUJ180802.matabat2bin.360.proteins	1
UUJ180510.matabat2bin.239.proteins	1
UUJ171218.matabat2bin.171.proteins	1
UUJ180725.matabat2bin.342.proteins	1
UUJ170726.matabat2bin.15.decontaminated.proteins	1
UUJ170412.matabat2bin.225.proteins	1
UUJ180809.matabat2bin.49.proteins	1
UUJ170620.matabat2bin.369.proteins	1
UUM180827.matabat2bin.27.proteins	1
UUJ170306.matabat2bin.62.proteins	1
UUJ170927.matabat2bin.156.proteins	1
UUJ180528.matabat2bin.294.proteins	1
UUJ180809.matabat2bin.299.proteins	1
UUJ180827.matabat2bin.4.proteins	1
UUJ180925.matabat2bin.354.proteins	1
UUJ171218.matabat2bin.19.proteins	1
UUJ180815.matabat2bin.60.proteins	1
UUF170620.matabat2bin.71.proteins	1
UUF170621.matabat2bin.92.proteins	1
UUJ180809.matabat2bin.45.proteins	1
UUJ180809.matabat2bin.181.proteins	1
UUJ170501.matabat2bin.360.proteins	1
UUJ170523.matabat2bin.223.proteins	1
UUJ180110.matabat2bin.229.proteins	1
UUJ180219.matabat2bin.218.proteins	1
UUJ170501.matabat2bin.117.proteins	1
UUM180827.matabat2bin.193.proteins	1
UUJ180802.matabat2bin.144.proteins	1
UUJ171218.matabat2bin.271.proteins	1
UUJ180510.matabat2bin.448.proteins	1
UUJ180802.matabat2bin.296.proteins	1
UUJ170523.matabat2bin.344.proteins	1
UUJ170927.matabat2bin.350.proteins	1
UUJ171218.matabat2bin.214.proteins	1
UUJ180219.matabat2bin.139.proteins	1
UUJ180622.matabat2bin.92.proteins	1
UUJ171218.matabat2bin.197.proteins	1
UUJ180622.matabat2bin.385.proteins	1
UUJ180410.matabat2bin.110.proteins	1
UUJ170612.matabat2bin.246.proteins	1
UUJ180622.matabat2bin.389.proteins	1
UUJ180718.matabat2bin.136.proteins	1
UUJ170306.matabat2bin.256.proteins	1
UUJ170626.matabat2bin.196.proteins	1
UUJ180528.matabat2bin.275.proteins	1
UUM180827.matabat2bin.35.proteins	1
UUJ170523.matabat2bin.176.proteins	1
UUF170621.matabat2bin.76.proteins	1
UUJ180219.matabat2bin.8.proteins	1
UUJ170306.matabat2bin.107.proteins	1
UUJ170927.matabat2bin.236.proteins	1
UUJ180622.matabat2bin.421.proteins	1
UUJ180827.matabat2bin.130.proteins	1
UUJ180219.matabat2bin.229.proteins	1
UUJ180110.matabat2bin.39.proteins	1
UUJ170523.matabat2bin.219.proteins	1
UUJ180510.matabat2bin.319.proteins	1
UUJ180815.matabat2bin.354.proteins	1
UUJ170523.matabat2bin.172.proteins	1
UUJ170927.matabat2bin.73.proteins	1
UUJ180510.matabat2bin.329.proteins	1
UUJ180827.matabat2bin.24.proteins	1
UUJ170501.matabat2bin.264.proteins	1
UUJ170620.matabat2bin.389.proteins	1
UUJ170501.matabat2bin.334.proteins	1
UUJ180827.matabat2bin.128.proteins	1
UUJ180510.matabat2bin.172.proteins	1
UUJ180510.matabat2bin.6.proteins	1
UUJ170927.matabat2bin.21.proteins	1
UUJ170501.matabat2bin.351.proteins	1
UUJ171218.matabat2bin.8.proteins	1
UUJ170105.matabat2bin.346.proteins	1
UUJ170927.matabat2bin.24.decontaminated.proteins	1
UUJ180219.matabat2bin.217.proteins	1
UUJ180219.matabat2bin.224.proteins	1
UUJ170501.matabat2bin.320.proteins	1
UUJ171218.matabat2bin.245.proteins	1
UUJ170927.matabat2bin.295.proteins	1
UUJ170714.matabat2bin.310.proteins	1
UUJ170523.matabat2bin.104.proteins	1
UUJ170306.matabat2bin.5.proteins	1
UUJ180219.matabat2bin.81.proteins	1
UUJ170615.matabat2bin.291.proteins	1
UUJ170523.matabat2bin.213.proteins	1
UUJ170620.matabat2bin.77.proteins	1
UUJ180219.matabat2bin.54.proteins	1
UUF170620.matabat2bin.302.proteins	1
UUJ170501.matabat2bin.249.proteins	1
UUJ180528.matabat2bin.26.proteins	1
UUJ170927.matabat2bin.30.proteins	1
UUJ170630.matabat2bin.410.decontaminated.proteins	1
UUJ180925.matabat2bin.140.decontaminated.proteins	1
UUJ180629.matabat2bin.269.decontaminated.proteins	1
UUJ171110.matabat2bin.286.proteins	1
UUJ180925.matabat2bin.331.proteins	1
UUM180827.matabat2bin.195.proteins	1
UUJ180903.matabat2bin.140.proteins	1
UUJ180510.matabat2bin.409.proteins	1
UUJ170721.matabat2bin.67.proteins	1
UUJ170412.matabat2bin.171.proteins	1
UUJ180219.matabat2bin.39.decontaminated.proteins	1
UUJ180219.matabat2bin.200.proteins	1
UUJ171218.matabat2bin.342.proteins	1
UUJ171218.matabat2bin.272.proteins	1
UUJ180903.matabat2bin.110.proteins	1
UUJ180802.matabat2bin.351.proteins	1
UUJ170501.matabat2bin.314.proteins	1
UUJ180827.matabat2bin.144.proteins	1
UUJ170620.matabat2bin.195.proteins	1
UUJ170706.matabat2bin.220.proteins	1
UUJ170626.matabat2bin.201.proteins	1
UUJ170626.matabat2bin.44.proteins	1
UUJ180827.matabat2bin.196.proteins	1
UUJ170721.matabat2bin.294.proteins	1
UUJ171218.matabat2bin.10.decontaminated.proteins	1
UUJ180718.matabat2bin.155.decontaminated.proteins	1
UUJ180410.matabat2bin.135.proteins	1
UUJ180410.matabat2bin.368.proteins	1
010.Aureococcus.anophagefferens.virus.isolate.BtV-01.proteins	1
UUJ180510.matabat2bin.59.proteins	1
UUJ180410.matabat2bin.295.proteins	1
UUJ170620.matabat2bin.36.proteins	1
UUJ170523.matabat2bin.177.proteins	1
UUJ180815.matabat2bin.13.proteins	1
UUJ180827.matabat2bin.419.proteins	1
UUJ180313.matabat2bin.36.proteins	1
UUJ171218.matabat2bin.50.proteins	1
UUJ171218.matabat2bin.234.proteins	1
002.Megavirus.chiliensis.proteins	1
134.Megavirus.lba.proteins	1
132.Megavirus.courdo11.proteins	1
137.Moumouvirus.australiensis.proteins	1
138.Moumouvirus.goulette.proteins	1
005.Acanthamoeba.polyphaga.moumouvirus.proteins	1
013.Niemeyer.virus.proteins	1
004.Acanthamoeba.polyphaga.mimivirus.proteins	1
136.Samba.virus.proteins	1
014.Hirudovirus.strain.Sangsue.proteins	1
135.Acanthamoeba.castellanii.mamavirus.proteins	1
001.Mimivirus.terra2.proteins	1
012.Tupanvirus.deep.ocean.proteins	1
011.Tupanvirus.soda.lake.proteins	1
UUJ170927.matabat2bin.256.proteins	1
UUJ170818.matabat2bin.229.proteins	1
UUJ170620.matabat2bin.475.proteins	1
UUJ170706.matabat2bin.256.proteins	1
UUJ170714.matabat2bin.7.proteins	1
018.Klosneuvirus.KNV1.proteins	1
021.Indivirus.ILV1.proteins	1
UUJ170615.matabat2bin.333.proteins	1
UUJ171113.matabat2bin.14.proteins	1
131.Yasminevirus.proteins	1
009.Bodo.saltans.virus.strain.NG1.proteins	1
020.Catovirus.CTV1.proteins	1
UUJ171027.matabat2bin.182.proteins	1
UUJ170630.matabat2bin.185.proteins	1
019.Hokovirus.HKV1.proteins	1
UUJ180510.matabat2bin.223.proteins	1
UUJ180725.matabat2bin.139.proteins	1
UUJ180219.matabat2bin.181.proteins	1
UUJ180110.matabat2bin.169.proteins	1
UUJ171218.matabat2bin.159.proteins	1
UUJ180802.matabat2bin.436.proteins	1
UUJ170105.matabat2bin.191.proteins	1
UUJ170306.matabat2bin.81.proteins	1
UUJ180827.matabat2bin.111.proteins	1
UUJ171218.matabat2bin.256.decontaminated.proteins	1
UUJ180510.matabat2bin.299.decontaminated.proteins	1
UUJ170726.matabat2bin.161.proteins	1
UUJ170804.matabat2bin.319.proteins	1
UUF170620.matabat2bin.305.proteins	1
UUM180827.matabat2bin.169.proteins	1
UUJ180510.matabat2bin.248.proteins	1
UUM180827.matabat2bin.38.proteins	1
003.Cafeteria.roenbergensis.virus.BV-PW1.proteins	1
UUJ170804.matabat2bin.10.proteins	1
UUJ180510.matabat2bin.280.proteins	1
UUJ180410.matabat2bin.49.decontaminated.proteins	1
UUJ180219.matabat2bin.137.proteins	1
UUJ180410.matabat2bin.219.proteins	1
UUJ180903.matabat2bin.130.proteins	1
UUJ180815.matabat2bin.108.proteins	1
UUJ170804.matabat2bin.137.proteins	1
UUJ170620.matabat2bin.388.proteins	1
UUJ180718.matabat2bin.313.proteins	1
017.Namao.virus.proteins	1
UUJ180528.matabat2bin.84.proteins	1
UUJ180110.matabat2bin.67.proteins	1
UUJ171110.matabat2bin.248.proteins	1
UUJ180622.matabat2bin.133.proteins	1
UUJ180718.matabat2bin.20.proteins	1
UUJ170927.matabat2bin.327.proteins	1
UUJ170818.matabat2bin.2.proteins	1
UUJ170726.matabat2bin.167.decontaminated.proteins	1
UUF170620.matabat2bin.3.proteins	1
UUJ180802.matabat2bin.284.proteins	1
UUJ170523.matabat2bin.72.decontaminated.proteins	1
UUJ180725.matabat2bin.252.proteins	1
UUJ170804.matabat2bin.35.proteins	1
UUJ180313.matabat2bin.2.proteins	1
UUJ180827.matabat2bin.105.proteins	1
UUJ180622.matabat2bin.353.proteins	1
UUJ170804.matabat2bin.139.proteins	1
UUJ180510.matabat2bin.396.proteins	1
UUJ170721.matabat2bin.347.proteins	1
UUJ180510.matabat2bin.289.proteins	1
UUJ170721.matabat2bin.364.decontaminated.proteins	1
UUJ180313.matabat2bin.61.proteins	1
UUJ170501.matabat2bin.307.proteins	1
UUJ180629.matabat2bin.295.proteins	1
UUJ180725.matabat2bin.334.proteins	1
UUJ170523.matabat2bin.38.proteins	1
UUJ170523.matabat2bin.266.proteins	1
UUJ170620.matabat2bin.16.decontaminated.proteins	1
UUJ180725.matabat2bin.308.decontaminated.proteins	1
UUJ180510.matabat2bin.28.proteins	1
UUJ180725.matabat2bin.261.proteins	1
UUJ170612.matabat2bin.207.decontaminated.proteins	1
UUJ171113.matabat2bin.303.proteins	1
UUJ170620.matabat2bin.423.decontaminated.proteins	1
UUJ171113.matabat2bin.118.proteins	1
UUJ180410.matabat2bin.10.proteins	1
UUJ180827.matabat2bin.403.proteins	1
UUM180827.matabat2bin.1.proteins	1
027.Heterosigma.akashiwo.virus.01.isolate.HaV53.proteins	1
UUJ180510.matabat2bin.198.proteins	1
UUJ180815.matabat2bin.111.proteins	1
UUM180827.matabat2bin.325.proteins	1
UUJ180802.matabat2bin.41.proteins	1
UUJ180410.matabat2bin.139.decontaminated.proteins	1
UUJ170306.matabat2bin.4.proteins	1
UUJ180725.matabat2bin.341.proteins	1
026.Acanthocystis.turfacea.Chlorella.virus.1.proteins	1
143.Paramecium.bursaria.chlorella.virus.MT325.proteins	1
034.Paramecium.bursaria.Chlorella.virus.FR483.proteins	1
145.Paramecium.bursaria.Chlorella.virus.NYs1.proteins	1
142.Paramecium.bursaria.Chlorella.virus.AR158.proteins	1
144.Paramecium.bursaria.Chlorella.virus.NY2A.proteins	1
141.Only.Syngen.Nebraska.virus.5.proteins	1
025.Paramecium.bursaria.Chlorella.virus.1.proteins	1
140.Bathycoccus.sp..RCC1105.virus.BpV2.proteins	1
033.Bathycoccus.sp.RCC1105.virus.BpV1.proteins	1
UUJ180725.matabat2bin.43.proteins	1
UUJ170105.matabat2bin.298.proteins	1
031.Micromonas.pusilla.virus.SP1.proteins	1
UUM180827.matabat2bin.353.proteins	1
032.Micromonas.sp.RCC1109.virus.MpV1.proteins	1
160.Ostreococcus.lucimarinus.virus.7.proteins	1
024.Ostreococcus.lucimarinus.virus.OlV1.proteins	1
163.Ostreococcus.tauri.virus.1.proteins	1
023.Ostreococcus.tauri.virus.OtV5.proteins	1
162.Ostreococcus.mediterraneus.virus.1.proteins	1
159.Ostreococcus.lucimarinus.virus.2.proteins	1
164.Ostreococcus.tauri.virus.2.proteins	1
161.Ostreococcus.lucimarinus.virus.OlV5.proteins	1
UUJ171218.matabat2bin.278.proteins	1
158.Micromonas.pusilla.virus.12T.proteins	1
UUJ170818.matabat2bin.238.proteins	1
UUF170621.matabat2bin.304.proteins	1
UUJ170620.matabat2bin.228.proteins	1
UUJ170623.matabat2bin.265.decontaminated.proteins	1
UUJ170306.matabat2bin.226.proteins	1
UUJ180903.matabat2bin.392.proteins	1
UUF170621.matabat2bin.253.proteins	1
UUJ170630.matabat2bin.150.proteins	1
UUJ180718.matabat2bin.406.proteins	1
UUJ170804.matabat2bin.161.proteins	1
UUJ180725.matabat2bin.176.decontaminated.proteins	1
UUJ180725.matabat2bin.85.decontaminated.proteins	1
UUJ170626.matabat2bin.11.proteins	1
UUJ180510.matabat2bin.167.proteins	1
UUJ180410.matabat2bin.352.proteins	1
UUF170621.matabat2bin.9.proteins	1
UUJ180219.matabat2bin.97.proteins	1
UUJ180802.matabat2bin.345.proteins	1
